quarter,LGPR,LGPRT,LGPRA,LGPRUS,LGPRISR,LGPRRU,LGPRCHN,LGPRVZ,LGPRSAR,inv_USA,inv_OECD,USCP,RUCP,CHNCP,VNZCP,MEastCP,WorldCP,VOX,MICH,SPF_inf,Two_PH_SPF_Inf,Unemp,WEO_Growth,WEO_Revision,r_c,r_i,r_y,Headline_Pi,Core_Pi,Energy_Pi,Indu_Prod,Real_WTI,Real_Gasoline,Real_Brent,FFR
1986Q1,470.8899372,462.7648968,488.8844237,559.9841796,415.4255806,474.2029369,253.8973871,79.73723481,229.1731949,730.5563145,810.1168224,220.8877418,245.7055722,94.62378082,54.81214085,246.0046515,401.0652317,20.69,2.666666667,3.09,4.3,7.033333333,,,557.0202105,488.4163168,618.7308766,469.6533192,472.0282993,458.7342208,4.013781441,-186.3221814,-460.2739313,,7.826666667
1986Q2,479.3004298,483.1269365,483.4004183,573.9076242,397.4651868,478.1920698,226.8683541,147.5939909,301.0599044,734.1414505,813.1469532,217.1985627,247.4010502,94.62378082,55.28742577,252.8159128,402.4073795,20.23,2.666666667,-0.22,3.73,7.166666667,,,556.8650294,489.5579144,618.9049275,469.1653646,472.8567064,447.4298111,4.007723412,-205.8326991,-477.2863701,,6.92
1986Q3,465.4468158,464.0955518,463.9829228,555.6699176,388.0853399,472.1470642,270.8050201,66.26850742,176.6998102,738.8930646,819.0773617,213.4801742,248.2598739,95.44324015,63.28604079,259.1932328,404.6085942,20.32,2.9,2.78,3.46,6.966666667,,,557.2826927,492.1527864,619.572619,469.7749367,473.7951297,443.7141991,4.011647502,-206.8742374,-484.3546149,,6.206666667
1986Q4,459.2793915,469.1745357,440.2564286,552.9039019,398.4545275,474.7826486,290.8720897,-63.45112582,245.0760134,737.3067923,816.9379159,212.7533962,249.0014997,100.4488771,58.50958256,249.3571006,401.9639561,20.42,3,3.04,3.24,6.833333333,,,558.0598186,491.88962,619.8154415,470.4713816,474.7537427,441.2398213,4.022809176,-197.1754224,-489.7085709,,6.266666667
1987Q1,456.1671,462.4220897,446.5448243,548.9360484,391.3095512,455.3876892,236.7123614,41.86687885,260.209825,735.0317051,813.6659887,213.3714031,248.6403695,98.95411936,54.10700162,243.7979075,400.277676,21.97,3,3.34,3.28,6.6,,,559.1736055,488.2246416,620.2036814,471.6711561,475.5599665,446.3606622,4.036159151,-181.3697828,-482.9880259,,6.22
1987Q2,462.5691509,465.1831101,452.2512952,555.4821367,352.7622743,487.2649551,317.805383,106.5100396,245.2637394,734.4693214,814.4229155,212.4727359,248.6405526,98.95411936,54.86675021,249.617171,400.8553419,24.58,3.233333333,4.35,3.5,6.266666667,,,560.0951511,490.0163408,620.9880723,472.7977615,476.7572442,447.4298111,4.053713522,-176.4561943,-478.5253683,,6.65
1987Q3,466.9739957,480.5277086,451.2323636,563.9001479,348.6963813,488.0273476,332.0228319,114.5087678,341.242372,738.1318191,819.0835985,210.6835989,249.5168153,98.95411936,59.35251682,265.8227194,405.9564626,20.47,3.1,4.23,3.69,6,,,560.6885187,491.9429363,621.583496,473.8534898,477.6880082,449.980967,4.072351705,-172.3735562,-475.3310184,-179.0943,6.843333333
1987Q4,462.8463446,474.7826486,443.4698146,559.4046828,336.6436663,486.4967055,306.0270795,40.8684798,301.2221707,738.2404974,819.6907483,212.3370026,248.8248892,98.95411936,55.8292055,262.5636167,405.5666629,49.82,3.2,4.14,4.29,5.833333333,,,561.2965214,490.7031179,623.0390793,474.7826486,478.8324729,449.6470769,4.095805162,-182.0926383,-477.7255297,-186.4703157,6.916666667
1988Q1,453.481925,454.7788218,444.6643278,545.5069825,389.6048748,459.1747166,290.8720897,95.11433198,243.7166106,735.1971118,815.6272676,212.0074478,249.0208487,99.76863701,61.68059473,254.941853,404.263572,33.58,3.166666667,3.97,4.6,5.7,,,562.4588439,491.7822386,623.2835685,475.5599665,479.7991977,448.4504249,4.105108643,-193.9352973,-484.2611042,-200.4489974,6.663333333
1988Q2,461.8514092,458.6666714,462.7290387,554.5784755,399.6917571,462.8235459,313.5494216,110.1117942,271.0130744,738.511243,818.7805123,210.7664501,248.906466,99.27305261,61.68059473,260.1993443,404.8384812,26.1,3.433333333,4.26,4.12,5.466666667,,,563.3057866,492.4791072,624.35958,476.7005549,481.001398,448.5631861,4.113818704,-191.7397917,-482.1813785,-198.6324656,7.156666667
1988Q3,439.1646878,428.3264671,447.6957955,532.6049337,370.7474364,438.6184645,285.263143,-28.6239379,233.0830985,739.5348918,820.7995441,208.0173649,248.906466,99.99481908,62.99182016,269.1972376,406.4487295,22.32,4.3,4.72,4.28,5.466666667,,,564.43032,491.4856965,624.6986883,477.9123493,482.1087692,449.7217424,4.117516778,-206.0265243,-480.3416186,-211.6768251,7.983333333
1988Q4,435.092289,424.8257118,437.2691531,529.1083594,390.7185313,430.4065093,253.8973871,40.93620012,179.8104944,737.602741,818.2123451,207.8904773,248.906466,102.6758185,70.67822984,283.1630268,410.9595606,19.97,3.833333333,4.96,4.57,5.333333333,,,565.2946551,492.9203196,625.7999725,478.9988623,483.3102254,449.6838594,4.124518062,-210.3479893,-484.6206303,-218.2127149,8.47
1989Q1,449.4610995,445.2174395,449.1179949,534.9961725,389.7546878,448.863637,263.905733,110.0950007,179.3616817,735.7835499,816.8141687,204.9749566,247.6034071,102.4965748,62.16511789,269.2843293,406.4336761,17.83,3.766666667,4.66,5.08,5.2,,,565.8367422,492.5795121,626.5307903,480.1285065,484.3662014,451.0496803,4.129154923,-188.7956618,-487.6008611,-193.3386163,9.443333333
1989Q2,452.4935793,457.9031528,435.3798613,540.0993552,356.8930422,457.8141514,385.7214769,111.5742984,149.8860643,738.2537473,818.583812,204.6168844,246.4494567,99.09168269,63.06401945,274.4654096,407.2635525,17.02,4.233333333,5.83,4.94,5.233333333,,,566.4291683,492.2896077,627.0728202,481.7320196,485.4371272,457.4370714,4.125367772,-180.3797121,-472.261626,-188.1868853,9.726666667
1989Q3,453.4318445,453.5141063,454.6693256,541.7637867,402.4897,429.0459441,319.1847152,36.23631785,243.1030598,741.9025604,821.9737378,201.644969,245.81199,101.811709,64.64826307,278.9585456,409.0582785,18.1,3.666666667,4.2,5.01,5.233333333,,,566.8807049,493.6492586,627.5844811,482.5108606,486.3938248,455.5275913,4.119181338,-186.74244,-476.7468827,-197.0364026,9.083333333
1989Q4,451.7795107,438.8008706,462.4024652,542.4286401,313.0261707,435.2426165,319.1847152,122.6863726,221.9872775,736.6077824,819.466098,200.7002292,244.4952334,102.1895738,68.15805442,285.3081771,411.1232317,20.43,3.533333333,4.04,5.14,5.366666667,,,567.8010887,491.2906157,627.5586405,483.5223146,487.5960391,454.5069802,4.123060507,-182.2977964,-483.3225143,-188.3965362,8.613333333
1990Q1,432.4309241,431.8864943,422.8486879,520.049607,307.2380758,445.4347296,283.3213344,62.4502569,149.8700854,740.3617304,822.0246737,201.3813494,243.8362324,102.3010483,71.97350692,284.9243003,411.4179687,22.22333333,3.966666667,4.87,4.31,5.3,,,567.8309291,492.1751891,627.8449432,485.2290647,488.8593202,458.7342208,4.130454137,-177.394973,-481.8855871,-186.5599118,8.25
1990Q2,441.3727155,449.4797129,421.1040588,530.8337421,390.1947432,463.7960009,281.3410717,40.52849103,158.2269977,742.9540427,824.9548751,198.5248575,241.6242385,101.461346,71.29498079,285.7041595,410.7485858,18.77333333,3.6,4.04,4.13,5.333333333,3.086830132,,568.4263172,488.6547414,627.9967742,486.2135286,490.1564199,457.6431148,4.137297086,-197.752081,-479.9786661,-208.8921759,8.243333333
1990Q3,516.459548,544.9964916,466.0447201,609.9094623,438.2121839,503.2614201,360.1868077,265.5362629,531.450114,743.7341811,824.6192278,197.7968322,238.2113299,101.8042664,76.00438566,274.2557323,407.0538803,25.22666667,4.233333333,5.55,4.36,5.7,3.086830132,,569.3951677,487.1011605,627.8333074,487.9260305,491.6324615,462.2351734,4.141165593,-160.2128151,-470.5867379,-161.5028778,8.16
1990Q4,502.3332125,524.4881427,468.1173979,596.5140783,441.4979836,482.5643509,347.609869,155.4419837,491.0938651,739.0572093,822.7358404,200.4545163,234.4395431,102.5359643,83.7929543,277.0991009,409.5586363,25.96,4.733333333,7.6,3.93,6.133333333,2.441703779,-0.645126354,569.3864838,483.8389563,626.647918,489.6096989,492.773666,470.9530201,4.125565413,-143.4965419,-458.1529587,-141.0558459,7.743333333
1991Q1,566.6691936,551.8523274,594.1389808,659.4224471,536.7945931,532.9492984,327.0835564,108.2950037,558.9596213,735.09098,821.4089617,202.2668392,234.62691,103.9157004,87.38006803,275.2860647,409.7817783,22.25666667,3.533333333,3.86,4.45,6.6,2.441703779,-0.645126354,568.6377293,480.6902329,625.9657067,490.3544888,494.21185,465.3646015,4.106239645,-182.2522162,-475.742638,-186.7630825,6.426666667
1991Q2,451.4734772,459.1848512,436.9743168,540.1863756,363.7002531,437.7851263,329.5836866,-9.928934873,325.9608151,739.8494923,822.1033956,200.3184762,232.4562706,104.2146694,85.27117502,273.2120832,407.5752839,17.14666667,3.2,2.91,4.29,6.833333333,2.927137401,-0.494752826,569.1586292,480.3256569,626.5407064,490.9463524,495.1121167,461.9733622,4.111503174,-187.6788772,-477.8435262,-197.1890165,5.863333333
1991Q3,474.961679,497.0276155,441.02901,557.2369415,391.6148998,498.3606622,314.9882953,19.09361074,299.3189379,741.6303912,825.2861693,199.3802223,228.2961198,104.3934325,85.27117502,280.1628336,409.0016005,16.64333333,3.1,3.22,3.57,6.866666667,2.927137401,-0.494752826,569.2090011,480.084589,626.8000467,491.7056947,496.1911794,461.6110126,4.125411396,-184.1820572,-478.8956945,-192.7845891,5.643333333
1991Q4,462.3468414,483.6810868,426.8717949,547.5573769,359.356802,477.6318442,336.729583,165.7673651,219.5450192,738.8299411,822.8476984,199.5374508,225.1919707,104.3321541,88.08077925,282.6923783,410.2065045,17.49333333,2.933333333,3.24,3.78,7.1,2.786491478,-0.140645922,569.3006226,478.8063392,626.8718848,492.5319449,497.1201225,462.8564395,4.127445089,-184.6318906,-480.635193,-189.8573121,4.816666667
1992Q1,451.9830139,471.3695688,412.7188147,537.1184198,349.3842706,460.5170186,347.609869,223.0924316,242.2846745,735.9356238,820.805402,199.678467,209.8606956,104.5049051,83.41409726,282.852815,408.2276909,17.56,2.633333333,2.99,3.85,7.366666667,2.786491478,-0.140645922,571.0002225,480.1355844,627.8412838,493.2072972,497.9946965,461.8086411,4.125952504,-199.2364462,-487.2232971,-204.4482857,4.023333333
1992Q2,445.6979488,463.8153538,409.7506226,530.2636258,314.4259614,429.5015258,287.1679625,132.9546264,208.910199,737.9715742,822.9123577,197.5333436,206.4773997,104.3672353,83.65719717,280.6021504,406.3141547,15.61333333,3,3.13,3.48,7.6,3.567635171,0.209764278,571.5657717,481.9007459,628.6945672,493.9735844,498.861688,462.7254522,4.143860918,-188.6395258,-481.6338966,-194.3503696,3.77
1992Q3,434.5794784,450.9686658,402.260984,516.6418466,276.128616,393.1825633,283.3213344,-26.59171277,248.6642988,739.976988,824.6125663,194.985123,201.4269487,104.1351399,84.39582902,284.2856581,407.2394747,13.90666667,2.833333333,3.05,3.34,7.633333333,3.567635171,0.209764278,572.4434136,482.7993386,629.4090736,494.7340444,499.6310967,464.053733,4.151822801,-187.1396246,-479.6050996,-194.7118265,3.256666667
1992Q4,439.2842927,452.9907701,414.0167365,521.9164905,316.353114,397.0291914,304.4522438,87.96365389,199.0201308,737.2730035,823.105739,195.7982555,196.0283076,104.2241212,87.44765787,288.3365382,408.383844,14.75,2.833333333,3.13,3.5,7.366666667,3.137566669,-0.430068502,573.2993957,484.6656998,630.1413234,495.6061772,500.5287688,465.3007515,4.16196375,-193.6661801,-481.6589727,-200.0110368,3.036666667
1993Q1,464.9601658,475.949228,446.1145839,544.5677446,363.1410112,435.2426165,294.4438979,36.10392042,244.5256792,737.1618847,822.6653172,194.0150307,195.4849502,105.8110382,84.52960009,289.7491408,407.8552703,13.24666667,3.066666667,3.03,3.26,7.133333333,3.137566669,-0.430068502,573.47382,484.8778169,630.0547285,496.3310722,501.3963084,465.1414254,4.171094161,-197.6366955,-486.1055021,-205.9693737,3.04
1993Q2,469.3333677,490.993059,431.2676557,548.4101488,291.9250047,465.0780697,317.805383,166.7735099,168.7139831,741.8619502,825.4652931,192.2941229,193.8722667,107.3865258,81.53648133,286.8919234,406.2927708,12.99,3.133333333,3.31,3.26,7.066666667,3.418811464,-0.126285964,573.9248393,486.7128132,630.4039514,497.0507503,502.2344254,464.7913534,4.173074614,-198.6847811,-485.3910355,-206.6342423,3
1993Q3,463.7024087,468.9235561,453.1703034,540.0321509,363.70906,426.7363726,332.0228319,88.13703309,201.4734332,741.7811607,827.289214,190.4988447,188.435354,106.1166187,82.19800524,289.2315534,406.7821521,12.12,3.066666667,2.63,3.29,6.8,3.418811464,-0.126285964,574.6030212,487.5533079,630.617414,497.5123251,502.8256895,463.7317867,4.176966505,-209.6130807,-488.254407,-217.2369114,3.06
1993Q4,449.6842309,470.8057646,401.7643487,526.8607329,321.244321,412.7134385,328.3414346,152.8155172,142.3896909,740.684369,825.0532089,192.7001211,186.045543,108.205192,85.72097181,289.4521967,408.4026852,12.44,3.033333333,3.01,3.35,6.633333333,3.231943448,-0.186868016,574.9976927,490.5667085,631.6853886,498.3378285,503.6086427,464.8871232,4.192410034,-218.2971758,-488.5042384,-226.3399513,2.99
1994Q1,458.5647519,472.9744921,430.0364561,537.7169382,316.1636303,436.9447852,320.5452805,134.5862693,129.7072609,736.7824727,821.9288916,191.3655074,185.8132868,108.6985627,86.82670339,292.7160189,410.2493946,13.38333333,2.866666667,2.96,3.32,6.566666667,3.231943448,-0.186868016,575.6198345,491.866935,632.4133725,498.8389685,504.2564532,464.182029,4.204514992,-229.2862009,-494.3097696,-235.2193588,3.213333333
1994Q2,467.0271049,486.1696932,430.662937,549.4759374,312.7867207,426.7363726,368.0511204,95.3897579,188.2818493,739.2760815,825.4731982,189.2739153,184.7437918,104.4751491,88.10394421,292.6552813,409.7797629,14.59333333,2.933333333,3.16,3.04,6.2,3.724507263,-0.312685748,576.1980245,493.2676785,633.5373193,499.4054139,504.9428565,463.6668853,4.222673766,-211.6167403,-491.4011431,-221.5234867,3.94
1994Q3,459.4345139,481.391727,416.6406792,541.4977934,325.7023749,432.1922711,299.5732274,161.1536737,134.4077384,742.8637961,827.9599488,187.9564739,185.7822609,104.4643488,90.34478135,293.047803,409.7941334,12.53333333,3.133333333,3.26,3.14,6,3.724507263,-0.312685748,576.7920137,493.8521671,633.8513284,500.327494,505.6882545,466.1238562,4.235518068,-208.5684404,-485.0553853,-218.3087239,4.486666667
1994Q4,452.695636,469.2662003,428.0455228,532.8208946,348.3752622,445.4347296,310.6080331,46.20823278,255.6818404,741.0217023,827.1246105,189.9505188,185.1101701,111.0866564,91.89392215,293.317946,411.7232537,15.27,3.066666667,3.21,3.34,5.633333333,3.56960936,-0.154897902,577.206332,496.1058844,634.712145,500.9078527,506.3227744,466.2495253,4.255798508,-213.7965101,-486.7000429,-220.2088378,5.166666667
1995Q1,437.8980333,436.7969968,432.8581905,511.6643431,339.1855698,426.2679877,283.3213344,47.74847414,156.7232512,737.8390584,824.08374,190.0456164,182.85879,109.3488183,96.81238805,293.6823423,411.7066375,11.97,3.066666667,3.2,3.33,5.466666667,3.56960936,-0.154897902,577.6202022,496.6697219,634.9230262,501.6396445,507.1625862,466.029264,4.266324401,-210.640363,-490.1877991,-218.9674714,5.81
1995Q2,457.6907876,464.4102396,447.5896384,535.1035578,331.9889518,441.8840608,313.5494216,29.62185213,166.1796931,738.3341422,826.7359609,188.7700662,182.3081603,108.581306,100.5399907,293.7275859,411.3491088,12.20333333,3.066666667,3.42,3.4,5.666666667,4.151608549,0.154942462,578.4651628,496.482991,635.0125561,502.4538199,507.9746677,466.3750366,4.269701645,-206.219037,-485.1705968,-213.0285095,6.02
1995Q3,455.6644987,462.7583781,449.903159,531.640452,303.0264514,416.924587,304.4522438,-25.18921339,192.5600948,738.9991287,827.5665177,186.2127062,182.1704605,110.3864472,103.2398765,294.3873504,412.3924887,12.45666667,2.866666667,2.91,3.42,5.666666667,4.151608549,0.154942462,578.8573303,497.6822812,635.6018375,502.9566082,508.6361005,465.5549563,4.279493138,-214.737585,-487.3417399,-224.3937746,5.796666667
1995Q4,424.725638,425.830412,417.1099821,497.5602017,296.2771362,368.0511204,268.5577345,-46.26808168,180.414017,735.4267636,824.0819735,187.3543429,180.2895071,111.1501531,104.1336221,293.9318312,412.5935349,12.86,2.8,2.59,3.48,5.566666667,4.096337814,-0.055270735,579.1832168,498.6951128,636.0055173,503.5002651,509.3341119,464.5034922,4.287693061,-213.5964848,-493.0942981,-220.6506296,5.72
1996Q1,437.4498368,437.1681643,435.2125691,508.3634554,368.4933366,407.7537444,350.6557897,1.075186085,215.1600448,730.0993948,820.6794779,187.9039768,179.3042479,113.7727548,105.012208,294.3830426,413.6507859,15.42,2.833333333,2.77,3.31,5.533333333,4.096337814,-0.055270735,580.0098768,499.982074,636.5397021,504.3855132,510.0069659,467.6867397,4.294436454,-205.9689495,-491.4289928,-212.2846405,5.363333333
1996Q2,429.2512127,421.4347355,433.5240711,499.1737137,385.9674809,400.1254139,344.4682494,-100.5070565,256.3570357,734.3747652,823.4451163,186.1215878,179.1960782,114.4206876,106.1530167,292.8741735,413.1901187,16.37666667,3,3.47,2.94,5.5,4.281846167,-0.170420082,580.9724211,502.0622036,637.9417918,505.2416828,510.5945474,471.1033575,4.315856116,-197.2496604,-479.6999716,-208.2002363,5.243333333
1996Q3,442.4966385,439.7284637,447.6578952,516.101342,360.0222796,399.5137912,301.2261576,-34.22686897,330.4937617,734.6953636,824.5255063,185.5089291,179.8381826,113.6700951,107.9688016,294.2986504,413.9866995,16.77333333,3.1,2.78,2.73,5.266666667,4.281846167,-0.170420082,581.4755635,503.2964272,638.5494205,505.815481,511.2389314,469.9270543,4.329029258,-194.8052727,-483.6078495,-202.032136,5.306666667
1996Q4,413.7350836,417.5002465,401.7943364,480.6761728,285.850457,353.61167,285.263143,24.78860668,183.6160648,731.8152206,824.0847156,186.9894204,178.8947018,115.565151,111.7288138,295.0061564,415.390631,17.21333333,3,2.89,2.81,5.333333333,4.147529636,-0.13431653,582.1108824,503.9910685,639.2820292,506.6805566,511.8791897,471.9096907,4.343421798,-186.1352761,-484.7134704,-190.640667,5.28
1997Q1,399.5751221,400.2046508,396.8088229,466.1862304,294.0667438,350.6557897,281.3410717,-29.53239539,203.0297977,732.0891555,825.1033574,186.4733251,178.4949333,117.3293882,112.0105643,298.0679142,416.5954029,19.92666667,2.933333333,2.97,3.16,5.233333333,4.147529636,-0.13431653,582.4215109,504.9337428,639.4591586,507.2879519,512.455904,473.9701079,4.362340376,-194.6557675,-484.9469336,-201.7935385,5.276666667
1997Q2,394.7840498,392.9273359,390.8617212,465.3984525,277.2049847,335.5735008,307.5774981,-40.44499223,198.5409272,736.1891179,825.8064886,186.4493224,180.5779067,117.5995771,114.962221,297.1560783,416.5057621,19.92333333,2.9,2.4,3.06,5,4.433114245,0.120854668,582.9993094,505.4409608,640.8944559,507.5173815,513.0884422,469.9871089,4.37687673,-208.4119131,-486.9244245,-218.202813,5.523333333
1997Q3,383.5645794,380.947335,379.8854307,454.2850161,339.3978038,314.9882953,275.1535313,-23.27294798,162.3180016,737.2917834,827.0978537,185.8392982,181.872462,116.7275728,116.7753016,298.9741565,417.3977586,22.47333333,2.733333333,2.23,3.02,4.866666667,4.433114245,0.120854668,583.9987119,508.3906805,641.8730348,508.0161357,513.5210029,470.7726774,4.399978695,-209.5321524,-486.1025827,-216.185023,5.533333333
1997Q4,393.4697322,412.7618139,353.679608,476.0413401,308.674288,391.8667548,335.5735008,22.34702767,237.4490566,735.2286601,827.0496428,186.9666976,181.6154477,115.4139391,119.0887565,301.2437314,419.2116503,27.45333333,2.833333333,2.48,3.05,4.666666667,4.271531115,-0.16158313,584.8198905,508.8243899,642.4450656,508.5536602,514.0883525,470.9530201,4.424831462,-209.39797,-489.436543,-215.3809659,5.506666667
1998Q1,413.7563681,432.7042326,378.7064286,494.2247267,348.2049569,400.7333185,317.805383,-17.7102697,293.7422022,736.9567324,826.8762088,186.7891154,180.1493605,116.8654698,121.0905319,304.6187099,420.5153481,21.34333333,2.4,1.77,2.74,4.633333333,4.271531115,-0.16158313,585.6068663,510.216196,643.218599,508.7596335,514.6912912,465.6813419,4.435836323,-231.9392211,-500.6323615,-244.1421538,5.52
1998Q2,430.3073611,454.8670379,377.3373777,503.4536007,313.8990127,409.4344562,391.8667548,14.50500515,157.0512963,740.8955931,830.8031931,185.0882415,178.8443477,117.2535077,115.6846605,304.8479835,419.3831233,21.52,2.566666667,1.67,2.6,4.4,3.698784745,-0.69712529,586.7078917,513.1987518,643.8906864,509.0883109,515.2520584,463.5379262,4.442413581,-240.6215268,-501.4539542,-250.2367477,5.5
1998Q3,426.5399181,427.967086,428.2528531,507.4727093,302.4015177,389.8599985,324.5193133,76.31659196,317.8470312,741.003852,831.880347,180.2541797,179.294743,117.0910935,108.7023733,302.6099729,417.2413948,29.90666667,2.433333333,2.05,2.25,4.533333333,3.698784745,-0.69712529,587.5419374,514.3951476,644.8605854,509.5997163,515.8480421,462.7254522,4.450264165,-244.7696967,-504.2772402,-257.347365,5.533333333
1998Q4,419.1320021,434.9202089,392.4478447,503.7562165,343.0397866,391.8667548,321.8875825,35.00670852,272.0307273,740.6695551,830.3899718,180.9649812,179.8300861,117.0950314,109.2433908,303.4165802,418.2600746,29.43666667,2.433333333,1.93,2.38,4.433333333,2.505236596,-1.19354815,588.1457753,517.3054239,646.1581016,510.0679106,516.4023779,461.4129927,4.464510591,-254.8113807,-508.2184523,-268.3872869,4.86
1999Q1,422.7855121,432.4044352,405.5430469,501.1450009,254.0656,411.0873864,339.0024081,26.55361578,230.47896,739.0254265,828.8256895,178.1073241,178.9557714,117.0272887,107.3883025,304.6137038,418.2532538,27.39,2.633333333,1.93,2.4,4.3,2.505236596,-1.19354815,588.9522266,517.6709637,646.7151718,510.4328005,516.8398489,460.2837467,4.476384088,-253.5795332,-513.2041843,-267.3349697,4.733333333
1999Q2,450.3691017,452.7857083,449.110523,527.0503979,251.2377341,443.0816799,403.1286426,-7.783108481,150.2254551,740.3854804,829.8280677,176.4930777,179.535068,116.4104417,100.795792,299.2324373,415.233814,24.43666667,2.666666667,2.72,2.26,4.266666667,3.359724778,-0.202524229,590.0659957,520.008792,647.2792621,511.1786965,517.3132001,465.3646015,4.48614976,-224.048477,-495.6779509,-237.2238097,4.746666667
1999Q3,417.2231101,423.7193522,406.2911226,486.7737721,293.001421,393.1825633,349.6507561,116.8047598,187.3300914,738.6993017,829.3460467,175.6804604,180.581095,116.1977622,100.3684203,299.5687923,415.6940542,23.30333333,2.733333333,2.32,2.16,4.233333333,3.359724778,-0.202524229,591.0470862,521.4520035,648.3014315,511.9190701,517.840707,469.4398271,4.494817973,-204.0190158,-490.300463,-209.195976,5.093333333
1999Q4,427.8470047,436.2164006,419.5345589,501.0748219,300.6222697,440.6719247,360.1868077,37.6333735,244.7857925,730.8496581,823.3903591,178.4280572,181.0645991,116.0605072,101.0454072,298.2451726,416.6154506,22.66666667,2.933333333,2.62,2.2,4.066666667,3.530334959,0.170610181,592.4885477,521.3627289,649.6331014,512.6540024,518.402822,472.2357489,4.511402216,-192.5285208,-488.0722155,-194.9319874,5.306666667
2000Q1,408.3732902,408.4574771,405.5545982,474.2362804,300.7469255,398.2792076,323.2121052,76.30838253,174.4681496,729.7295591,822.4530201,176.6691545,183.5600582,119.0225339,102.8401891,298.9208641,417.250834,23.17333333,3.033333333,2.56,2.35,4.033333333,3.530334959,0.170610181,592.3227029,523.242801,648.6030248,513.6386499,519.0546541,478.2202781,4.520019985,-177.5779658,-479.7298639,-184.2032213,5.676666667
2000Q2,416.3455945,422.0193744,407.9343721,481.4294377,297.0863986,386.4232342,334.4038968,36.9271455,124.5440675,733.0375067,824.8169039,176.4943445,185.4715489,117.977437,105.3181775,304.3909774,418.7993,25.02333333,3.033333333,3.38,2.45,3.933333333,3.891016781,0.101798109,593.3497995,523.4233497,650.0976281,514.4194464,519.6838198,480.8657819,4.531290393,-178.4397948,-471.2195621,-184.7987296,6.273333333
2000Q3,391.9197209,404.2758827,367.0715483,456.5311789,271.3677761,361.0917913,329.5836866,113.1036028,170.0073271,733.1001364,825.6986717,175.1280819,188.2353698,117.7366782,107.039181,307.2126348,420.2315469,19.22333333,2.866666667,2.83,2.43,4,3.891016781,0.101798109,594.1269265,523.4568631,649.8812657,515.3291594,520.3457086,484.2350756,4.530217088,-169.939635,-470.7537967,-173.0332721,6.52
2000Q4,401.8902367,405.4216771,403.0102293,479.9418312,398.2280743,356.4826805,285.263143,126.3223448,283.591017,729.1347578,824.7320126,176.3404747,189.8576673,117.8144097,109.6363429,308.1542104,421.6634414,26.03666667,2.966666667,3.06,2.66,3.9,4.175441281,0.2844245,594.8750673,523.1088507,650.1764314,516.0395397,520.9486153,486.4707381,4.527580467,-169.528469,-473.2299421,-176.1868244,6.473333333
2001Q1,399.9423196,411.6921116,384.7591145,472.672294,346.1286568,367.2072336,332.0228319,75.03698683,225.8590652,730.2534159,824.8062506,176.1491137,190.7141402,118.9547762,108.8075639,305.653655,420.8437337,25.61,2.866666667,2.61,2.71,4.233333333,4.175441281,0.2844245,595.0515052,522.1989807,649.5941989,516.9915652,521.6745713,489.4850261,4.515688852,-180.9193103,-478.6241814,-191.8766266,5.593333333
2001Q2,411.0928507,416.6251702,402.6779243,487.3893803,353.8430184,372.1669277,352.6360525,45.70799141,214.8873047,735.4375126,826.6029723,176.1196476,193.3422357,119.3594839,102.9540843,301.3388285,418.4115427,24.00333333,3.1,2.91,2.64,4.4,3.875553542,-0.320725334,595.046272,520.4561839,649.9207606,517.6902745,522.2875171,491.1676466,4.503591399,-184.8873606,-467.9567711,-187.038241,4.326666667
2001Q3,533.7265607,484.3898331,577.7332355,627.2614253,428.2808335,443.8721978,376.8922162,100.4481323,394.7474704,736.4509015,828.1216902,174.53474,196.7233748,118.6317869,102.1553403,302.9514765,419.6801184,26.41666667,2.7,2.29,2.44,4.833333333,3.875553542,-0.320725334,594.7208671,519.5670501,649.2001508,517.9721501,522.9681574,486.1880033,4.489578248,-189.8810285,-478.7679413,-194.8917105,3.496666667
2001Q4,586.3081782,518.8037363,636.6350166,680.3794342,466.2562974,491.7544871,385.0147602,150.5516226,420.2503204,736.9190428,827.7994696,176.4360352,197.9229693,119.1267736,98.77734611,297.4250841,418.9031999,27.69,1.066666667,1.56,2.41,5.5,3.455474087,-0.420079455,594.8170209,519.8913198,649.1544878,517.8970609,523.6264642,476.9836808,4.478879563,-216.3272323,-495.4228336,-221.3697543,2.133333333
2002Q1,505.5502429,461.1218525,544.5544131,596.7656321,433.8507241,396.3982744,349.6507561,142.8488154,356.3771924,736.0626737,827.6868384,177.1560503,199.3995711,119.6198059,91.10236853,295.1431788,418.1141994,21.37333333,2.233333333,1.4,2.57,5.7,3.455474087,-0.420079455,595.0529673,518.0091891,649.7331931,518.2158012,524.1747015,474.5801316,4.485688208,-210.9001841,-502.5154263,-213.1937553,1.733333333
2002Q2,505.4439504,481.6996606,533.7810478,595.7868075,479.0711833,424.8495242,312.0895417,208.3155697,358.8817895,738.7794013,829.126978,177.126148,201.8496822,120.323233,77.97981593,291.1716116,417.1109948,21.75333333,2.733333333,2.96,2.06,5.833333333,4.04837397,-0.313080286,595.8727738,517.442645,650.095118,518.998949,524.6848618,480.1287805,4.500824341,-192.1561886,-484.5927084,-196.6723316,1.75
2002Q3,495.2864928,481.6457057,514.4777611,585.5126439,422.6796216,418.459144,345.5264603,107.6107381,357.1997315,736.1415454,827.3400405,173.2580427,205.6252108,122.2975995,97.69021771,295.0196687,418.6688101,35.14666667,2.566666667,2.15,2.12,5.733333333,4.04837397,-0.313080286,596.108507,517.3479489,650.1947053,519.5361365,525.2098893,481.2728923,4.506844865,-185.1440051,-484.5408967,-190.3606895,1.74
2002Q4,512.9839542,512.6025345,521.4319626,600.6578541,409.4148517,462.4972813,386.4232342,266.9407978,345.5603558,734.4660913,825.2941146,171.6893492,208.0310039,121.1133505,88.18963691,299.684021,420.5307995,30.54333333,2.466666667,2.18,2.2,5.866666667,3.675378532,-0.372995439,596.6401572,515.9827799,650.0088612,520.1255654,525.6626939,484.3399375,4.50682427,-186.2643147,-484.3348136,-191.5095082,1.443333333
2003Q1,559.1919382,570.9311605,560.9691551,649.2098156,441.7763558,493.9258631,445.0463796,320.9447903,394.1198423,729.6059308,824.5764973,175.4445896,209.3007605,121.0035588,55.34292622,311.5869203,425.1703556,30.09,2.766666667,2.51,2.32,5.866666667,3.675378532,-0.372995439,597.0558776,515.2303836,649.8208068,521.1487791,525.9922979,493.7347498,4.513365521,-168.1604069,-472.8650204,-176.1500245,1.25
2003Q2,523.5856685,510.3599289,544.5831789,615.5375318,434.3693793,449.6099091,409.9884743,160.5817465,381.071638,735.2284678,827.7459786,173.7382654,212.1680652,122.0733162,96.02421606,304.5862444,423.6557332,21.53,2.166666667,1.82,2.1,6.133333333,4.0892831,-0.337598253,597.3242161,517.2244658,650.401006,520.9850385,526.1653382,488.204406,4.506275389,-184.1290986,-475.7713758,-194.5236669,1.246666667
2003Q3,487.0938905,466.2684092,509.7852206,576.688945,394.2923084,391.8667548,359.2735594,117.4135269,312.2029792,737.6488101,829.4103389,171.5562856,216.1769981,120.2312326,86.25126688,306.1515567,424.4575157,19.32,2.333333333,1.65,1.89,6.133333333,4.0892831,-0.337598253,598.2883183,519.5791197,651.7159057,521.7288061,526.5621984,492.4590722,4.512850563,-180.9004733,-473.075513,-186.9843136,1.016666667
2003Q4,477.5981307,458.4286975,500.6560336,566.7092205,379.6827663,387.1201011,361.0917913,70.07038773,319.4487686,735.7749422,828.0119819,171.8769871,217.7685822,121.0760218,91.0043257,310.4623539,427.1193247,17.41666667,2.633333333,2.17,1.96,5.833333333,4.053947541,-0.035335559,598.6157574,520.4393097,652.5264535,522.1076286,526.8201743,492.6042807,4.522193205,-178.0978756,-478.6699835,-183.9741534,0.996666667
2004Q1,480.6967519,466.9552445,498.5955459,566.7097839,371.5455002,372.9701449,357.4216546,145.5408873,281.4540034,735.9332683,826.9985661,172.1293728,219.1257923,122.8499257,92.28682525,309.7381411,427.4087977,16.59666667,2.733333333,1.69,1.96,5.7,4.053947541,-0.035335559,599.5751008,520.6493734,653.0557525,522.9503051,527.2999559,497.6271567,4.528809884,-166.6848414,-471.2695355,-176.4079697,1.003333333
2004Q2,491.2532329,466.9427418,519.9086176,578.7740825,362.8606931,378.4189634,378.4189634,144.6545065,366.9083809,739.6876252,829.1220893,170.6237528,221.5595352,124.0961027,97.52624119,311.798026,428.3516679,16.25,3.266666667,2.8,1.85,5.6,4.37081439,0.03730395,599.8676557,522.1308659,653.5506334,523.7328095,527.9304427,499.3828176,4.53404039,-159.1095216,-456.3873548,-167.0333829,1.01
2004Q3,495.4088458,483.8739203,516.596623,582.2500616,369.0122868,414.8411783,349.6507561,155.7169516,326.6456923,740.3366346,830.0898384,166.7520199,224.2428637,125.968297,93.9920536,316.2214887,429.5769055,15.42,2.866666667,3.15,1.59,5.433333333,4.37081439,0.03730395,600.5596866,523.747025,654.1784001,524.3685171,528.3542081,502.2781233,4.539526343,-146.2682428,-459.693103,-152.0645865,1.433333333
2004Q4,476.6353224,453.9884719,499.9799015,564.6567568,358.4898867,382.1368637,360.1868077,80.11018904,276.2967889,740.5377115,829.6901071,168.0281204,224.3174628,125.1572832,92.74031595,317.2522058,430.3514431,13.67,2.966666667,2.55,2.13,5.433333333,4.296456098,-0.074358292,601.4289182,525.1850356,654.8639728,525.4365479,528.9612926,508.4919917,4.553400638,-137.6795902,-457.4472414,-146.9948598,1.95
2005Q1,460.6103084,450.0550137,468.5858839,548.0595219,374.3865909,379.9227511,398.2792076,134.4711383,269.2785087,740.5146666,829.4771629,170.7743601,223.625243,127.475703,105.7067811,314.3286645,430.0129963,12.76,3,2.26,2.42,5.3,4.296456098,-0.074358292,601.712448,526.0935178,655.690174,525.9403273,529.5814236,508.036656,4.567474549,-135.3264211,-459.9123696,-139.091427,2.47
2005Q2,448.6236489,434.9589527,460.9095804,532.3723619,307.6162391,348.635519,365.4977902,106.0410885,227.8290778,745.2106584,832.1203368,171.0974486,224.0544569,128.0636857,107.8740139,315.8739206,431.0399197,13.43333333,3.233333333,3.33,2.31,5.1,4.416046373,0.055317138,602.3319289,527.6935038,655.9003256,526.6138468,530.0481689,510.3317782,4.573227748,-129.5029279,-446.6381553,-132.2229274,2.943333333
2005Q3,485.7069628,456.8921053,513.8011672,562.7038009,362.9250417,388.4994333,398.2792076,143.8399767,299.217916,743.1462577,832.5264837,158.8349711,225.6661671,128.7099245,102.1784159,317.0004269,430.2192922,12.21,3.466666667,2.77,2.22,4.966666667,4.416046373,0.055317138,603.0967337,528.7973173,656.3497531,528.1171208,530.3802297,523.7329866,4.569029578,-113.6767446,-433.2219694,-116.0996469,3.46
2005Q4,448.4470401,426.4696621,470.7335603,528.301523,330.5929593,349.6507561,334.4038968,117.8481088,216.2491126,742.7471861,831.360861,156.8486743,226.7178202,127.4032027,101.6352152,316.6652877,430.6566864,12.78333333,3.666666667,3.74,2.53,4.966666667,4.309345236,-0.106701138,603.5347933,527.72165,656.5621179,529.0453191,531.0410614,527.2142781,4.578291502,-119.5553228,-439.927516,-125.0036971,3.98
2006Q1,454.7435135,448.7774575,460.5270181,539.503783,359.3138722,408.8773517,399.5137912,181.1398529,259.6549275,742.3467544,831.3065438,161.6559097,224.9370164,129.0519698,106.7046627,317.3109837,431.0776469,12.06666667,3,2.23,2.48,4.733333333,4.309345236,-0.106701138,603.9153995,529.770085,657.6490217,529.5647138,531.6648323,526.9058469,4.588037591,-114.702485,-444.4641873,-117.1905599,4.456666667
2006Q2,452.4682935,446.3299355,457.3989069,536.089235,354.3907086,399.5137912,400.7333185,162.0768584,225.8583619,744.5717161,833.0189169,163.5471869,226.4432345,129.4498648,100.1723564,316.7066566,430.3049709,14.40666667,3.533333333,3.28,2.41,4.633333333,4.697158247,0.29532169,604.4050391,528.5370731,657.6144369,530.4630729,532.4796999,529.5147347,4.59393531,-104.8592577,-424.904193,-106.3447871,4.906666667
2006Q3,488.2625139,485.7846649,493.2193157,564.5392221,491.3400889,417.438727,403.7186148,190.5308526,290.4801367,747.8096204,835.7439377,162.0414449,225.8095234,128.6623186,101.5972434,318.2387053,430.9765818,13.62,3.366666667,3.37,2.5,4.633333333,4.697158247,0.29532169,604.8000586,527.7373226,657.443295,531.402666,533.1590943,532.7715962,4.597980401,-105.9218056,-426.4021219,-106.9396019,5.246666667
2006Q4,457.9954937,463.2623213,448.0173696,539.5908491,378.6880519,406.0443011,416.40779,130.1522298,268.3662961,744.0175453,833.6282399,163.3169283,226.3329371,127.6986621,101.172454,315.0362353,430.3948349,11.03,3,0.52,2.49,4.433333333,4.901178203,0.204019955,604.9117707,527.3298612,657.9820878,530.9916502,533.6736476,523.0932131,4.600293648,-121.4017593,-448.4718191,-122.3100207,5.246666667
2007Q1,454.127146,453.5891559,450.9136411,539.769872,351.2398336,377.6585035,374.5574798,135.5188105,297.2385247,741.4730098,831.7318068,163.2155698,228.9525385,130.4348406,102.3367414,313.8698858,430.6762929,12.45333333,3,2.33,2.88,4.5,4.901178203,0.204019955,605.1797036,526.5144645,657.8728731,531.9672709,534.2578241,526.9228354,4.610371967,-125.6990828,-445.1032791,-126.1992131,5.256666667
2007Q2,448.93103,437.6218131,459.383957,528.8649501,352.8203993,366.3561646,353.61167,64.99450893,248.2605457,744.5697307,833.2176486,164.0188819,228.5055035,131.6945087,103.2870555,314.0408988,430.2978221,13.72666667,3.333333333,4.07,2.84,4.5,4.869405279,0.048816373,605.3919515,526.0845828,658.2047527,533.0934594,534.742018,533.3911319,4.622201985,-115.7008969,-422.7666494,-110.2787842,5.25
2007Q3,457.1303116,450.4723504,466.8238877,537.9668558,330.2412242,372.9701449,372.1669277,118.9972468,271.9470038,743.8068186,833.2810632,160.3542167,229.1838555,129.4672372,105.4509223,315.1660487,430.3042942,21.5,3.233333333,2.33,2.54,4.666666667,4.869405279,0.048816373,605.8604257,524.9706999,658.4644501,533.7244767,535.2562467,534.2004054,4.623728903,-101.3112111,-429.2033256,-102.3095555,5.073333333
2007Q4,455.8218331,459.8078432,447.4301911,537.017756,355.7231281,400.1254139,392.5268232,204.0430815,271.4664681,740.7094991,831.5641108,162.0524034,228.8450367,129.7857059,103.52386,317.6696535,431.5469084,22.11666667,3.3,2.89,2.29,4.8,4.820526403,-0.048878876,606.7001361,523.677448,658.7786195,534.9436562,535.9577081,539.6423634,4.626691597,-84.02267676,-426.4022094,-86.88097115,4.496666667
2008Q1,438.1568196,429.9369401,443.8643235,516.3392003,365.6858891,346.5735903,348.635519,242.7521044,233.2203957,740.0802601,831.4389623,163.9169515,223.5530342,132.2646377,92.02827531,316.7516002,431.57115,26.12666667,3.766666667,3.2,2.4,5,4.820526403,-0.048878876,607.6301721,521.3227215,658.4070661,536.0210203,536.6178487,543.7870591,4.62373741,-77.57190287,-422.4730396,-78.69435665,3.176666667
2008Q2,434.8211286,433.5240711,431.8021305,513.6207503,374.5448103,345.5264603,356.4826805,171.8925783,255.1890479,741.9674904,832.1495046,163.9685798,223.1626004,133.9041577,92.02827531,317.8549374,431.3444317,20.65666667,5.033333333,3.51,2.43,5.333333333,3.766008078,-1.235740152,608.4709644,519.6847376,658.7415506,537.3135682,537.0513989,550.9096796,4.609093812,-55.31498586,-404.9603642,-57.5693608,2.086666667
2008Q3,448.7999463,439.0738575,456.3271223,530.2836754,341.5986889,441.8840608,368.8879454,203.5870601,178.2100813,743.063002,833.3997012,155.3053787,223.9224971,133.231958,92.02827531,319.5294191,431.1118604,25.08666667,4.733333333,5.12,2.36,6,3.766008078,-1.235740152,608.2087689,516.1535003,657.915284,538.8436825,537.6929821,557.8268381,4.576690461,-61.78934536,-403.8287911,-64.62039887,1.94
2008Q4,436.3565607,422.566518,453.4855012,512.8951633,354.5081472,374.5574798,344.4682494,160.9471777,253.8056644,744.9581772,834.389401,160.3756604,223.7953554,133.5540921,92.02827531,315.5874639,430.5596094,58.75333333,2.833333333,-2.32,2.49,6.866666667,3.028382013,-0.737626065,605.8325282,508.9709586,655.3975059,536.52686,537.9374944,531.4525305,4.532703789,-129.8466541,-451.6115319,-135.7390109,0.669910321
2009Q1,431.9530471,429.6196378,433.5677239,511.3313033,418.8972106,350.6557897,329.5836866,139.4921454,254.0420479,748.6723173,836.0518095,164.8532656,223.5886053,131.8632033,92.42589015,309.1147175,428.6120507,45.01666667,2.033333333,-2.45,2.62,8.266666667,3.028382013,-0.737626065,604.8750072,502.6650269,654.2178895,535.8366136,538.3563436,519.4433538,4.474506297,-159.8096686,-472.2848069,-156.242761,0.745842271
2009Q2,444.84384,443.0538982,442.7676954,527.019922,350.234524,391.2023005,384.3030134,148.1878575,242.8789252,750.9886895,836.7612785,166.937863,224.5808583,133.4356649,92.42589015,310.4923662,428.7304714,33.06,2.9,0.91,1.51,9.3,1.888315248,-2.324377475,604.8125506,498.8714169,653.8071339,536.3669619,538.8648505,521.9301215,4.445575604,-127.696528,-452.325252,-128.8168145,0.21826708
2009Q3,442.1447648,439.9825622,436.4965247,526.8278078,352.2429826,409.9884743,382.8641396,212.4108383,208.7719388,751.2294172,837.2827548,169.690322,225.5801509,134.3890908,92.42589015,312.4388646,429.6893533,25.47666667,2.633333333,2.3,1.81,9.633333333,1.888315248,-2.324377475,605.4805442,499.3371273,653.8887953,537.2236749,539.1624025,529.854734,4.461113501,-114.974331,-442.3930688,-115.0672337,-0.268722126
2009Q4,448.3492074,443.0380196,450.464979,530.6934567,347.1750152,391.2023005,366.3561646,173.4974117,245.2707255,747.2123186,834.4830441,169.7010782,226.5104593,133.8366712,92.42589015,311.6385453,430.4355845,23.09333333,2.7,2.22,1.48,9.933333333,3.102041962,1.213726714,605.8580791,498.2425891,654.6905214,538.0035593,539.6725772,534.0044551,4.477500816,-104.8425444,-441.9153978,-106.8297311,-0.413001335
2010Q1,440.8465689,437.0797153,442.7477898,521.6411327,345.5203729,377.6585035,373.7669618,100.9498243,271.6595092,747.4963316,834.9698373,170.2727871,226.6813553,137.6742891,87.96267475,312.242413,430.8605753,20.31666667,2.733333333,1.91,1.87,9.833333333,3.102041962,1.213726714,606.4581979,497.6999259,655.0659613,538.1619372,539.6875297,534.9894121,4.497263097,-101.690846,-437.9762752,-104.537493,-0.489579212
2010Q2,451.5136063,457.2095878,437.416246,531.8840056,404.6789019,413.7829674,396.3982744,109.9484266,207.7065752,750.4651437,836.6888539,168.4730896,227.0912056,139.5190176,87.96267475,311.9667059,430.7114597,26.42333333,2.966666667,1.21,1.36,9.633333333,4.340179238,0.145692171,606.6712511,500.0704722,655.8131983,538.1266615,539.8129518,533.0484415,4.516028906,-102.596904,-434.4175183,-101.8295387,-0.497138678
2010Q3,434.6140356,427.7082699,437.918928,509.6422495,357.6959628,349.6507561,339.0024081,143.0850104,221.5178399,751.5387054,836.1303066,169.5962704,227.0637769,141.4938911,87.96267475,312.5907804,430.7336543,24.28,2.533333333,1.24,1.81,9.466666667,4.340179238,0.145692171,607.0296078,500.1482131,656.329936,538.4193794,540.0547488,533.9905468,4.52892357,-105.1269873,-438.0502872,-104.2728771,-0.694639405
2010Q4,445.3959624,446.6635823,442.7637146,522.6088121,343.3681483,394.4812828,390.5334017,118.3310139,278.5381682,747.8510507,834.6651103,172.3639609,227.7573802,143.4249891,87.96267475,313.2536368,431.739015,19.34666667,2.9,1.96,1.81,9.5,4.219823947,-0.120355292,607.3093701,501.6043682,656.5990085,539.2258428,540.3160749,539.866936,4.533100801,-94.92934949,-433.5394488,-93.16516929,-0.945330319
2011Q1,462.6018019,458.4116777,467.5255794,534.2049285,347.2443567,393.8340314,384.3030134,114.1268344,332.4502191,746.8317261,833.8677015,170.6183425,227.8777221,143.4003227,91.62907319,317.7332195,432.1195563,18.49,3.8,2.42,1.68,9.033333333,4.219823947,-0.120355292,607.9979676,501.4105339,656.3032271,540.2874059,540.7874066,545.4474603,4.538568738,-85.97920656,-421.8695882,-74.46371523,-1.03133222
2011Q2,453.8852305,438.1276353,471.2648458,530.0012377,345.0464356,323.2121052,333.220451,109.3380726,301.0893935,748.6315389,834.8328661,172.0959609,228.1830499,140.6989727,91.62907319,319.6949143,430.5744152,17.43333333,4.166666667,3.42,1.37,9.066666667,4.512940899,-0.027905079,608.4023062,502.3016381,656.7835525,541.4180041,541.2537024,551.3771429,4.54270915,-78.37970525,-407.4715267,-65.19206397,-1.10952481
2011Q3,441.9723752,416.4751249,463.7572837,509.8406081,336.1189075,344.4682494,334.4038968,79.28274495,269.9676189,746.980264,833.5930377,171.7869089,227.665284,138.04903,91.62907319,322.8380948,431.6740015,30.26333333,3.4,1.7,1.69,9,4.512940899,-0.027905079,608.3405327,504.625425,656.52921,542.0679532,541.9351408,551.0221997,4.55425226,-92.4097286,-413.0896071,-69.11700714,-1.323944826
2011Q4,440.1992647,441.7433996,438.1734925,513.7334664,359.2267618,383.5861644,391.8667548,55.5162578,335.7685087,744.9833971,832.1029056,179.0787998,228.1440309,137.5164402,91.62907319,322.0540918,433.1108855,29.94,3.166666667,1.9,1.95,8.633333333,3.996908573,-0.516032326,608.3245454,506.7793307,657.4132881,542.5158513,542.4670977,550.4855813,4.564564835,-88.11901984,-420.4426924,-72.9964824,-1.462403608
2012Q1,446.5294904,455.6260015,432.4265098,522.8309002,409.3324627,420.9655409,419.9705078,134.2516647,334.8068834,746.8332573,833.4450533,183.3291452,229.1664176,138.8296855,91.62907319,322.041492,434.2185076,18.27333333,3.5,2,2.11,8.266666667,3.996908573,-0.516032326,608.1838153,508.5304336,657.4173736,543.0774432,542.9914181,551.2779342,4.574419871,-79.70815794,-414.623598,-65.40908882,-1.419184805
2012Q2,443.0856481,443.3907257,437.4876131,513.1867314,359.8709108,417.438727,407.1871706,90.58266473,305.9510944,748.4108438,834.253116,184.3894826,228.9312805,138.99965,91.62907319,322.0287668,433.9406338,19.98333333,3.1,2.07,1.95,8.2,4.072903364,-0.393399882,608.0633433,509.3626871,657.6432161,543.2883224,543.4816019,549.0836748,4.580751461,-89.51357143,-410.9262457,-75.30694949,-1.203435595
2012Q3,432.6205561,428.9225804,436.0888115,511.6878784,399.9037909,389.1820298,365.4977902,101.2025228,311.5138588,748.8920355,835.3909149,186.484325,229.3510342,140.3211703,91.62907319,321.9253833,433.5311735,16.18,3.3,1.69,2.24,8.033333333,4.072903364,-0.393399882,607.7380531,509.1758605,657.5420699,543.7387766,543.9327805,549.6540979,4.580552304,-91.26687039,-413.6832863,-74.02767058,-1.265968017
2012Q4,437.3154056,427.7175249,446.2300085,505.3354698,400.3531468,367.2072336,346.5735903,55.98999028,271.3066367,748.1501253,833.8701098,195.2575742,230.4216362,143.599768,91.62907319,319.6805988,434.2283036,16.76333333,3.133333333,2.29,2.12,7.8,3.619589955,-0.453313409,607.837859,510.347865,657.4104942,544.4015279,544.3973498,552.0852733,4.585331698,-96.48619339,-418.130198,-74.21722061,-1.397239924
2013Q1,441.5421113,439.7079437,447.7374693,516.2653033,350.9542151,369.7178257,370.5408756,10.25612679,261.5451805,747.2465983,834.5604754,196.6618109,230.1929278,142.3184717,91.62907319,317.9503903,433.5353334,13.53666667,3.266666667,1.7,2.02,7.733333333,3.619589955,-0.453313409,608.0253714,511.7231602,658.1216289,544.802677,544.9022116,551.7874494,4.592829013,-90.09801693,-416.9039262,-72.56070239,-1.406898194
2013Q2,446.8968565,443.7421921,450.8402278,527.3407501,362.5484979,402.5351691,379.173684,79.57567293,276.7370069,748.7481694,834.3952486,199.123759,230.1780369,143.3191067,91.62907319,319.8121823,434.0769964,14.91,3.066666667,1.2,2.05,7.533333333,4.040338166,-0.105856633,607.9894945,512.1750472,658.1709791,544.6931318,545.1293071,548.5696943,4.597407131,-90.12634675,-416.1747259,-81.64833252,-1.254071465
2013Q3,448.2625833,443.3511577,453.5534251,527.3811079,390.7359489,414.3134726,341.2247218,35.07074219,303.5328869,749.4540882,835.4225924,203.1951008,230.9146122,140.7450239,91.62907319,321.6049876,434.32562,14.29,3.133333333,2.1,2.16,7.233333333,4.040338166,-0.105856633,608.1257817,513.0378425,658.7755239,545.2325179,545.6625108,549.5203181,4.60148574,-79.0554142,-417.2873914,-74.97560871,-1.663674422
2013Q4,430.0002799,433.1127999,418.9452701,510.7010888,403.6812578,393.1825633,368.8879454,62.39882015,317.6167634,745.2611077,832.4751892,206.2683659,231.8671313,144.1583362,91.62907319,320.1238477,434.6159976,14.17333333,2.966666667,1.64,2.02,6.933333333,3.587886777,-0.45245139,608.6850825,513.9525169,659.398315,545.6016031,546.1058188,549.4985517,4.608216541,-87.77717825,-426.1790578,-76.25602797,-1.994760238
2014Q1,448.7737089,458.9819633,427.8054044,527.3683427,327.8867137,474.7826486,366.3561646,137.8563981,275.647459,745.0454028,832.9705398,210.0864547,231.3878877,143.1975411,91.62907319,321.62043,435.5261936,14.85,3.166666667,1.77,1.78,6.666666667,3.587886777,-0.45245139,608.9133941,514.9319129,658.8414551,546.2224582,546.4920196,552.1760873,4.615024473,-86.9666934,-423.6881752,-77.8797898,-2.514265023
2014Q2,451.9684917,460.5703377,439.953906,530.5279297,303.9704342,473.0333329,361.0917913,78.40065235,273.542736,748.4934388,834.5172394,215.6070583,231.1243104,143.5274983,91.62907319,320.8890739,435.213303,12.74,3.2,1.94,1.86,6.2,3.879464138,-0.084565412,609.3477187,517.222652,659.9073178,546.7521318,547.0080602,551.9847617,4.62859826,-82.94322853,-416.415577,-76.98631127,-2.922003333
2014Q3,490.9611042,504.2801266,476.3426711,566.0861311,436.6179252,508.5536602,385.7214769,46.14808029,335.799718,749.855312,836.1299861,219.1386234,230.7138809,142.0663179,91.62907319,321.8142716,436.4614278,13.08666667,3.166666667,2.14,2.02,6.066666667,3.879464138,-0.084565412,609.9366753,518.7729696,660.8696455,547.0076391,547.4209968,550.2689838,4.6340689,-88.73563341,-421.5695684,-84.6084451,-2.844799305
2014Q4,444.0963559,444.6838556,442.1928206,517.6282998,329.5441192,419.4692536,335.5735008,152.6538898,295.7489852,750.7566919,835.8237464,223.9064081,232.063108,145.9741829,91.62907319,322.3410528,438.6381164,15.92,2.833333333,0.85,1.8,5.7,3.846995063,-0.032469075,610.5874125,519.8868369,661.1289431,546.7588863,547.818174,543.0239966,4.639550356,-117.4940039,-441.1072528,-113.1213573,-2.663600571
2015Q1,469.4858532,466.7268232,474.4236234,545.4761657,413.9304021,453.2599493,351.6508228,154.3539508,350.2836734,753.716363,837.8383211,225.066476,232.5012801,144.3598417,91.38878473,323.2623294,438.641805,16.61,2.766666667,-1.43,2.06,5.533333333,3.846995063,-0.032469075,610.4320795,520.3288242,661.6013957,546.1095013,548.1663398,531.2718175,4.628285621,-157.8706812,-463.6627215,-147.2481405,-2.016949291
2015Q2,447.8699522,449.5838834,444.9451611,530.1207825,362.8013364,418.9654742,361.9886583,118.6529494,392.0964654,756.7216294,839.8844649,225.1417896,232.0748829,146.1373772,91.26842363,327.1397798,438.9954866,13.72333333,2.7,1.65,1.99,5.433333333,3.75867493,-0.281445142,610.7159613,520.8766885,661.9947194,546.7891351,548.7694529,533.8441518,4.61444306,-141.0095519,-447.562772,-134.6418121,-1.476872757
2015Q3,456.4556503,467.6156625,438.0149875,539.4245261,407.9277048,441.8840608,397.0291914,74.21055908,352.2165383,758.2545232,841.4482159,224.6097595,232.5346867,145.5275266,91.14835961,328.4562549,439.722023,19.38666667,2.8,1.83,1.92,5.1,3.75867493,-0.281445142,611.1896521,521.3861256,662.1399007,547.1661244,549.2647091,532.6982566,4.61516738,-163.4002654,-450.2778062,-155.0876733,-0.98363851
2015Q4,486.9813902,463.1455026,516.8834909,565.3425317,341.5834686,485.2030264,372.1669277,154.9305889,360.3083538,759.0368825,842.3539505,223.4474975,233.8893975,145.3201091,91.02726595,328.5325706,440.0884552,17.01,2.666666667,0.93,1.89,5.033333333,3.559694666,-0.198980264,611.3001744,520.9880176,662.0685438,547.1585565,549.79275,526.5918134,4.601292678,-173.5107132,-469.3178541,-169.7446267,-0.093353595
2016Q1,470.555836,464.9474112,477.3167415,548.0943496,307.3150688,448.863637,404.3051268,85.2709321,365.2155777,761.1220326,843.6462752,221.0463773,235.1147041,141.9572452,86.79404709,330.5202904,439.7658072,20.69666667,2.566666667,0.27,1.82,4.9,3.559694666,-0.198980264,611.8496287,521.2623891,662.3138751,547.0964499,550.3131285,520.0097959,4.59483294,-196.8916757,-483.0515107,-194.9320964,0.36
2016Q2,447.6275646,440.5865224,456.3027876,524.84439,284.5016521,418.9654742,361.0917913,122.7440892,314.2121576,762.370353,844.3920963,217.3881002,234.6370564,139.0672015,83.52429193,332.4609887,438.0176425,15.64,2.6,1.85,2.02,4.933333333,3.534818786,-0.270021214,612.1323589,521.253831,662.397035,547.893052,550.9695982,524.387702,4.591557283,-166.3271583,-466.6372001,-165.9680915,0.373333333
2016Q3,466.3124579,451.8267894,486.1748513,548.3669237,288.9818439,451.8158809,372.9701449,51.87961785,317.2120646,762.4839622,844.6317602,215.5501367,234.4665463,136.1948645,78.2128283,334.6606481,438.9105386,13.26,2.533333333,1.87,2.06,4.9,3.534818786,-0.270021214,612.5916887,522.0555074,662.837727,548.3166282,551.4898096,524.712933,4.593754946,-167.9842694,-469.6528759,-165.8882191,0.396666667
2016Q4,450.2952873,444.1945125,459.9386828,533.3160064,271.4674632,468.2131227,379.9227511,141.4943705,309.6671743,761.3268553,842.9298313,218.1980982,238.2255793,135.5641836,76.37272584,335.6627609,440.9841683,14.1,2.333333333,2.41,2.18,4.766666667,3.441744345,-0.093074441,612.8524081,522.4959893,663.1240571,548.9494045,551.9516362,528.466459,4.592191661,-159.4888514,-469.1986849,-159.6653859,0.45
2017Q1,465.728814,469.9813477,459.1713381,555.2987032,337.4333189,464.1180624,419.4692536,74.76120977,322.6593478,761.485489,843.613181,220.3468046,237.118442,133.2776225,72.67966338,332.0268198,439.4247134,11.68,2.6,2.61,2.08,4.566666667,3.441744345,-0.093074441,613.8785303,523.458671,663.7225464,549.6506804,552.466777,531.8169012,4.592218001,-154.9760363,-465.3073545,-151.5144321,0.7
2017Q2,475.5972409,473.9030691,477.1926791,564.1386393,317.9115862,465.0780697,434.3805422,173.5491343,382.0307343,760.4526013,843.1203675,221.4075685,236.6164498,134.0181572,71.55967917,332.3809946,439.0995096,11.50333333,2.566666667,1.61,2.18,4.366666667,3.647330872,0.077375649,614.1100995,524.2478921,664.0744401,549.7659908,552.7314419,529.7001501,4.606869741,-162.1471355,-463.0419374,-159.4677647,0.95
2017Q3,477.8759281,495.9950002,447.9228963,571.0519401,313.4507744,479.5790546,472.7387819,297.2248073,314.0063833,758.8115328,841.7738878,223.5642511,235.5556883,131.5732402,70.3495452,332.948768,439.9148832,10.89333333,2.633333333,1.7,2.38,4.333333333,3.647330872,0.077375649,614.3207331,524.7732949,664.6301793,550.2428954,553.1189442,531.5120402,4.603818273,-162.7830941,-461.5223803,-154.9264005,1.153333333
2017Q4,448.781206,463.4987854,425.7690927,534.3112742,328.2584506,427.6666119,423.8925791,152.996667,358.7219531,754.5390251,839.0023679,229.3988447,235.2567879,132.1703305,61.89800528,331.9809545,440.3423542,10.31,2.533333333,2.6,2.38,4.166666667,3.704889794,0.057558922,614.9612351,526.6441839,665.5228487,551.0352784,553.6922109,535.4933967,4.617610813,-149.6375056,-459.5262772,-139.2942949,1.203333333
2018Q1,449.5652895,469.8205052,416.0080283,538.4986793,323.3260113,466.6578814,416.40779,187.7624388,314.4122297,752.9027033,838.202495,232.7165016,235.6678219,131.9505042,50.38010088,332.4792142,440.9827135,17.51333333,2.733333333,2.61,2.31,4.033333333,3.704889794,0.057558922,615.3903197,527.5467253,665.9445638,551.8743897,554.4116987,538.252983,4.622937082,-137.7409732,-457.7955693,-131.6143016,1.446666667
2018Q2,476.7572442,502.3090735,426.8157804,573.6855842,411.9316114,487.2649551,484.1558964,255.9392128,370.3330181,753.2003463,838.0757679,235.3149682,236.0630957,132.2233859,43.50951052,333.0734931,440.6857315,15.35666667,2.833333333,2.01,1.95,3.933333333,3.943357028,0.24554131,615.630823,527.8179249,666.2720512,552.4173236,554.930174,539.5380554,4.634513107,-130.4175455,-447.5919007,-121.2971507,1.736666667
2018Q3,459.7876988,479.5322116,422.0242729,549.6104457,328.494633,464.4390899,451.8158809,216.4931855,312.929102,756.589548,839.1916402,242.0172021,238.5272209,130.9209732,35.00059556,334.2995188,442.0412496,12.87,2.866666667,2.34,2.26,3.766666667,3.943357028,0.24554131,615.8256462,527.6803643,666.6573383,552.8183603,555.290532,540.3676882,4.642779666,-128.3170608,-447.4103888,-120.9762592,1.923333333
2018Q4,447.3693823,468.9633876,406.4972965,538.8904377,329.6920314,452.5405218,443.47772,166.1304231,402.1592187,755.3851321,838.8786068,246.9850032,239.9038165,132.564002,28.33953978,333.9645968,443.456088,21.23,2.8,2.4,2.35,3.833333333,3.653835309,-0.289521719,615.9164764,527.3373502,666.5520109,553.2246543,555.8652651,539.0823619,4.644862903,-145.3410508,-455.492343,-130.1624363,2.22
2019Q1,448.6949555,470.5407601,409.3677673,538.7020451,304.2818107,446.9732215,452.5405218,355.2865071,332.0515365,754.6623671,839.0337528,247.0805866,239.1902443,133.0628362,9.938278457,329.7151446,441.0781824,16.43,2.6,1.23,2.38,3.866666667,3.653835309,-0.289521719,616.2182646,527.5335618,667.2958614,553.4912702,556.5183023,534.2999103,4.635100764,-153.0736009,-465.8610979,-139.0191933,2.403333333
2019Q2,457.9202594,482.3180585,406.9596393,553.2609868,342.5474597,449.2374692,461.1814729,321.5331977,398.565181,757.5063746,840.1676049,249.5587489,237.6405745,133.8113849,-16.50432895,328.202199,440.3626626,15.17,2.7,2.67,2.22,3.633333333,3.6090429,-0.052404102,616.8149185,529.1117448,667.9439198,554.223301,556.9556238,539.0395055,4.628572536,-145.1506094,-450.2191897,-130.7546963,2.396666667
2019Q3,456.187987,479.4494941,412.3525731,551.5773816,326.8147055,430.4065093,450.3506532,255.2205454,390.366386,757.2093837,840.2874398,250.5007599,238.2932523,132.3586696,-23.66860889,325.2191445,439.8780497,15.95,2.7,1.83,2.3,3.6,3.6090429,-0.052404102,617.6041813,529.9693409,668.8883819,554.5526342,557.5374443,536.8398313,4.627816805,-151.358924,-455.7101012,-141.9198734,2.19
2019Q4,440.3461915,455.7414487,412.8907007,528.6502572,288.5681908,425.7973986,413.2496328,200.757684,332.1359922,755.843673,838.9173125,254.7666246,238.448337,133.4113041,-25.65762474,326.7431676,441.9815328,13.91666667,2.433333333,1.84,2.16,3.6,3.409572728,-0.199470171,618.1940502,529.3125477,669.3433312,555.2525382,558.1662548,538.4398728,4.621914547,-151.0234637,-458.6809767,-140.5114099,1.643333333
2020Q1,459.1476859,482.8553709,420.5885937,543.0577471,307.0101898,432.6337729,453.6177315,248.3620099,356.7249386,758.156112,841.0643972,254.5203689,238.8998725,134.32535,-22.42429054,326.5131618,441.0322219,30.43666667,2.366666667,1.92,2.08,3.833333333,3.409572728,-0.199470171,616.8356543,527.4872199,668.1662479,555.6123824,558.7423425,535.6779652,4.604553663,-173.2786323,-466.699876,-163.8715346,1.26
2020Q2,424.4104665,442.6800809,384.0527004,509.4094943,223.5606575,362.877553,426.2679877,222.640082,221.8197665,765.6207611,846.7388291,238.0913717,226.2886634,135.0877524,-65.02352116,319.3588909,431.1053311,34.49,2.766666667,-2.39,2.08,13,5.796103063,2.240765866,606.6183379,521.7880477,659.8007743,554.6317419,558.2251173,521.3777478,4.470173721,-222.1041619,-488.1741196,-215.5170374,0.460336994
2020Q3,425.9482282,453.6213028,363.9514125,505.2745572,281.5729166,411.6323469,440.2645922,176.0727316,238.7853974,763.3063335,845.7652135,238.0315745,223.3599793,135.1130807,-98.48961784,312.637748,427.8600944,25.79333333,2.9,1.91,2.14,8.8,5.796103063,2.240765866,613.6844576,530.848128,667.0808598,555.7683552,559.1911926,526.7822076,4.560686635,-184.6716501,-477.7441664,-179.8578653,0.197344619
2020Q4,424.9542313,447.5479029,381.939589,499.0346588,328.2435938,413.7829674,401.33755,178.7623501,275.8863197,759.1575959,842.4375839,238.6154712,226.420023,135.1786246,-87.55567412,314.8203372,430.9709238,25.60333333,2.633333333,2.16,1.89,6.766666667,5.15153011,-0.644572953,614.7659457,533.5419983,668.0073574,556.4871559,559.7962594,529.6315364,4.578771452,-181.6466126,-480.4533129,-177.3435517,-0.114102907
2021Q1,433.946702,458.4321011,387.147875,516.2346977,271.3339419,405.4679306,435.2426165,167.8437794,303.5360318,757.4928647,840.0516042,238.419402,228.0361672,137.1396436,-59.27988047,314.7450626,432.0732794,23.29666667,3.133333333,2.48,1.55,6.233333333,5.15153011,-0.644572953,616.4101771,536.4173358,669.4532772,557.4972616,560.1674688,539.5639158,4.581159899,-151.8156866,-464.3727593,-146.3443229,-0.818945916
2021Q2,444.3866204,467.8792326,401.8482917,524.6109704,377.2537024,455.7379522,425.3245845,90.24871942,222.2051487,755.1012382,838.5839536,243.309559,230.7610743,137.8743676,-58.85889867,316.76688,432.8533484,18.04666667,4.066666667,3.38,1.81,5.933333333,4.414980079,0.226352589,619.3651635,538.7859802,671.0289695,559.3038358,561.8921511,543.9109213,4.597778602,-140.2020908,-449.8322539,-135.922175,-1.874913618
2021Q3,433.3405206,445.9334838,417.5104961,517.7657738,298.8311237,408.3171262,417.438727,160.8450561,203.0310759,753.300239,835.7127645,241.9124244,231.5370708,138.3812785,-57.38186731,322.3594435,435.0035871,18.29666667,4.633333333,5.09,2.16,5.066666667,4.414980079,0.226352589,620.8110565,536.5336196,671.6984466,560.8847669,563.1621495,548.4078833,4.602344531,-135.1487078,-442.9885028,-131.1426217,-1.83199244
2021Q4,450.3322013,481.656499,390.2241994,529.5815035,309.8324259,475.3590191,439.0325437,145.5315423,253.661267,749.1251882,832.1995596,246.433304,234.9483755,136.9962469,-34.72480881,325.1010143,437.419825,19.24,4.833333333,4.62,2.41,4.166666667,4.888946649,0.47396657,621.400727,537.7357964,673.2433426,563.0391852,564.692284,556.8920674,4.610569251,-128.0802325,-439.929038,-125.3252139,-1.568904915
2022Q1,541.4291359,572.9894134,494.0284358,622.0784688,339.4320421,633.8594078,506.8904202,252.0087056,334.6061579,745.0253449,830.2501596,245.1513417,236.2557173,142.3271694,-31.23546186,327.9498903,438.6394905,25.3,5.066666667,5.52,2.44,3.866666667,4.888946649,0.47396657,620.849565,538.5416967,672.494186,565.2158131,566.3060012,564.4987428,4.613081145,-110.4052246,-432.44644,-103.8325572,0.166004809
2022Q2,504.1509304,520.9595436,498.6729594,580.8226566,321.6294376,590.8988325,460.1831285,172.2764189,250.5822435,742.28121,829.0592572,247.1024402,229.3393782,142.3647948,-28.32957066,330.6910914,437.8581164,27.30333333,5.333333333,7.21,2.72,3.633333333,3.550639983,-0.066915003,621.4711751,538.1005823,672.5103049,567.540129,567.74693,574.1893598,4.617729322,-98.65948607,-413.9753451,-94.06073361,0.77
2022Q3,484.6886851,505.6097174,466.2274895,566.3578561,325.8049562,560.3348077,466.6578814,146.1123879,308.2738622,739.753219,828.7560156,250.0474834,233.2850151,139.1082629,-36.63487273,333.852148,440.0059218,24.83666667,4.9,6.29,3.06,3.533333333,3.550639983,-0.066915003,621.9770412,537.6616001,673.0429132,568.8509772,569.2439497,571.1287574,4.617135317,-115.3940893,-424.95439,-107.6264672,2.19
2022Q4,481.7805384,500.4997208,467.3233737,566.4485318,277.8164724,560.2118821,466.0289485,191.7402748,314.3747696,737.4392036,828.745823,251.5890569,234.6034545,139.5338093,-33.28914553,332.2351594,440.9648333,25.03,4.766666667,5.23,3.87,3.566666667,2.655223556,-0.895416427,622.4098014,536.555839,673.5372142,569.890951,570.5023926,568.6276807,4.611730288,-128.2642492,-437.9378365,-121.3424167,3.653333333
2023Q1,470.2417882,485.5046544,455.180457,558.6820811,314.0748635,535.0277105,477.9123493,84.92343833,290.8589915,737.8476493,828.2752453,254.2573411,235.3258245,144.6024465,-31.8064307,329.9013408,441.3176899,20.64333333,3.9,3.34,3.91,3.533333333,2.655223556,-0.895416427,622.7367249,537.6383386,673.7235515,570.7875199,571.6931206,566.3175735,4.612367887,-137.6133595,-445.3494492,-131.256222,4.516666667
2023Q2,468.7702101,481.5025843,454.0773877,550.9647615,310.5892227,528.4894346,472.1470642,168.8303938,346.1792065,738.4134872,828.774006,254.5605308,232.3621175,144.5169925,-24.41029224,329.5850496,440.4593491,16.48666667,4.066666667,3.47,3.59,3.533333333,3.022538584,-0.160467763,623.2843988,538.419356,674.1595609,571.5044376,572.8483759,562.3829763,4.612811583,-141.4227797,-440.3832821,-135.8463763,4.99
2023Q3,462.8951815,480.6940277,439.7940993,543.2866785,313.0005136,529.1628378,461.8415413,140.6958097,300.9226358,739.8603095,829.7853573,256.7119386,231.4907262,141.1770082,-23.32481816,325.9471362,439.7692061,14.98333333,3.366666667,3.07,3.03,3.633333333,3.022538584,-0.160467763,623.8116002,538.3841298,675.0849814,572.3549154,573.5581484,565.3050426,4.614351574,-131.3218549,-436.4711639,-126.1672137,5.26
2023Q4,510.9716134,508.4938485,527.3529333,595.5740076,580.6429757,503.4785754,448.488402,209.0589648,381.7774359,738.1565694,828.451646,258.5874356,232.7713416,142.0840705,-25.06239524,326.9470113,441.5924507,15.21,3.933333333,3.16,3.02,3.8,2.941285943,-0.081252641,624.6338685,538.729042,675.6990543,573.07327,574.4117951,564.6241635,4.611602455,-136.8781229,-447.1230585,-129.979686,5.33
2024Q1,498.8571445,489.93809,517.7015648,582.8190064,543.8923952,508.5536602,446.9732215,202.570127,354.7470859,737.4912275,828.607338,256.0437811,232.1707685,145.6302117,-19.47055225,327.8492993,441.208051,13.72,2.933333333,2.53,2.64,3.833333333,2.941285943,-0.081252641,625.4023524,538.5496146,675.9487065,573.980363,575.4343557,564.8942548,4.605052846,-138.87518,-451.9859056,-132.1927343,5.33
2024Q2,491.1575872,496.0183751,491.4809426,579.0414224,532.7228922,511.9987831,456.0869927,172.6632119,328.5238684,740.9992442,830.4766721,258.5781545,229.3144268,144.88409,-15.06949909,327.7147827,440.4737515,13.95666667,3.166666667,3.59,2.56,3.966666667,3.234461999,0.036489583,626.2077987,538.7871955,676.6292104,574.6460878,576.2191834,564.669347,4.611816053,-134.3243691,-443.5249323,-130.7581432,5.33
2024Q3,479.7799545,477.0684624,488.2397801,561.994811,507.6285484,488.7839717,426.7363726,237.3402605,291.017803,740.8703719,829.8570338,258.5164117,227.2005363,143.263319,-12.04493371,327.9287304,440.0541958,17.11333333,2.8,2.16,2.44,4.166666667,3.234461999,0.036489583,626.9394452,539.3103409,677.2239042,574.9778262,576.7718731,561.8798133,4.605886596,-141.5892003,-449.8254156,-136.7626635,5.263333333
2024Q4,489.7740293,488.2347274,497.6871664,575.6414994,513.9694991,523.6441963,454.6834609,167.7525453,335.3199725,739.6156816,828.8235799,259.9348926,227.9623072,143.4851641,-12.36421669,327.4156423,441.0043046,17.28333333,2.7,2.21,2.58,4.133333333,3.244675194,0.010213195,627.5203824,539.3369756,677.4585565,575.7600191,577.6255063,561.8119279,4.602129902,-149.9343226,-459.3928684,-144.4655718,4.65
2025Q1,495.1380567,500.9634794,491.3904105,588.0463746,467.5917034,521.8552398,461.8415413,256.7795572,405.190298,737.8620039,828.6512911,258.6176008,228.2191755,148.0492787,-6.187540372,327.5118909,441.7879922,18.52333333,4.2,3.02,2.39,4.133333333,3.244675194,0.010213195,626.5808765,538.3352494,676.0461094,576.6679023,578.4638185,563.867846,4.612491321,-149.2284,-459.2753141,-143.7657674,4.33
2025Q2,517.2395047,537.985127,504.1703205,609.2681699,547.9236907,515.3291594,477.9123493,262.2091948,385.5307062,740.706793,829.5369871,260.3199407,228.4229964,147.3202754,-3.045920748,329.0807239,442.6149992,23.61,6.033333333,3.13,2.36,4.2,2.963249232,-0.303792644,626.9726857,538.7985281,676.7907652,577.0773195,578.9978519,562.1943154,4.617006197,-160.2146073,-457.2617276,-155.0236608,4.33
2025Q3,488.8969731,502.8998978,477.2378105,577.4608393,505.5100141,501.5069891,450.7189778,246.5234382,305.8673397,743.6706739,831.4651909,262.3316156,228.7783488,145.7780489,-0.845968242,331.0782875,444.821258,15.97333333,4.666666667,2.91,2.67,4.333333333,2.963249232,-0.303792644,627.4884716,538.7692849,677.6372035,577.8379613,579.7879798,562.556144,4.622311432,-159.2722751,-458.2539792,-154.383842,4.293333333
2025Q4,486.8149646,496.9697552,479.4329424,577.2169148,450.8073475,500.3946306,445.8215773,403.6336748,295.6762576,743.8144176,830.701057,262.240204,230.6114557,144.5972182,-2.911578039,332.8118746,445.6937407,17.80333333,4.433333333,3.07,3.09,4.433333333,3.089362985,0.126113753,627.6085804,538.5328544,677.4942018,578.4592068,580.2709842,565.2966259,4.618125239,-169.6265578,-463.0124683,-163.1192743,3.896666667