quarter,LGPR,LGPRT,LGPRA,LGPRUS,LGPRISR,LGPRRU,LGPRCHN,LGPRVZ,LGPRSAR,g_USCP,g_RUCP,g_CHNCP,g_VNZCP,g_MEastCP,g_WorldCP,g_Usinv,g_OECD_inv,gGDP_Forecast,gGDP_Revise,Headline_Pi,Core_Pi,Energy_CPI,Policy_Rate,Umich,SPF_inf,Two_PH_SPF_Inf,Unemp,g_Indu,g_rc,g_ri,g_ry,g_WTI_Cru,g_Gaso,VOX,Brent,g_Brent
1986Q1,470.8899372,462.7648968,488.8844237,559.9841796,415.4255806,474.2029369,253.8973871,79.73723481,229.1731949,1.520993791,-0.528667608,1.999674551,3.051880046,0.628289735,-1.245071408,-2.00922722,-2.338733461,,,0.518530977,1.075279178,-3.566789633,7.826666667,2.666666667,3.09,4.3,7.033333333,0.600290079,0.518021266,0.202757769,0.436460778,-54.0617576,-9.379157663,20.69,,
1986Q2,479.3004298,483.1269365,483.4004183,573.9076242,397.4651868,478.1920698,226.8683541,147.5939909,301.0599044,-3.689179185,1.695478016,0,0.475284915,6.811261345,1.342147782,3.585135943,3.030130853,,,-0.487954613,0.828407104,-11.30440964,6.92,2.666666667,-0.22,3.73,7.166666667,-0.605802926,-0.155181051,1.141597588,0.174050964,-19.99847236,-17.50039347,20.23,,
1986Q3,465.4468158,464.0955518,463.9829228,555.6699176,388.0853399,472.1470642,270.8050201,66.26850742,176.6998102,-3.718388416,0.858823682,0.819459329,7.998615026,6.37732,2.20121361,4.75161418,5.930408478,,,0.60957214,0.938423309,-3.715612071,6.206666667,2.9,2.78,3.46,6.966666667,0.392408942,0.417663205,2.594871993,0.667691417,-0.431966114,-6.458672669,20.32,,
1986Q4,459.2793915,469.1745357,440.2564286,552.9039019,398.4545275,474.7826486,290.8720897,-63.45112582,245.0760134,-0.726778,0.7416258,5.005636964,-4.77645823,-9.836132268,-2.644637096,-1.586272359,-2.139445794,,,0.696444904,0.958613005,-2.474377735,6.266666667,3,3.04,3.24,6.833333333,1.116167403,0.777125925,-0.263166449,0.242822584,10.39525986,-4.657511054,20.42,,
1987Q1,456.1671,462.4220897,446.5448243,548.9360484,391.3095512,455.3876892,236.7123614,41.86687885,260.209825,0.618006887,-0.361130128,-1.494757755,-4.402580944,-5.559193069,-1.686280234,-2.275087156,-3.27192723,,,1.19977444,0.806223774,5.120840835,6.22,3,3.34,3.28,6.6,1.334997505,1.113786945,-3.664978394,0.388239828,17.00541402,7.920319454,21.97,,
1987Q2,462.5691509,465.1831101,452.2512952,555.4821367,352.7622743,487.2649551,317.805383,106.5100396,245.2637394,-0.898667285,0.000183059,0,0.759748597,5.819263514,0.57766563,-0.562383715,0.756926797,,,1.126605453,1.1972777,1.069148972,6.65,3.233333333,4.35,3.5,6.266666667,1.755437108,0.92154558,1.791699266,0.784390916,6.040193953,5.589263029,24.58,,
1987Q3,466.9739957,480.5277086,451.2323636,563.9001479,348.6963813,488.0273476,332.0228319,114.5087678,341.242372,-1.789136967,0.876262743,0,4.4857666,16.20554837,5.101120262,3.662497743,4.660683019,,,1.055728281,0.930764017,2.551155895,6.843333333,3.1,4.23,3.69,6,1.86381831,0.593367572,1.92659551,0.595423662,5.138366419,4.250078224,20.47,19.06,
1987Q4,462.8463446,474.7826486,443.4698146,559.4046828,336.6436663,486.4967055,306.0270795,40.8684798,301.2221707,1.653403723,-0.691926174,0,-3.523311311,-3.259102634,-0.389800314,0.108678207,0.60714983,,,0.929158833,1.14446469,-0.333890127,6.916666667,3.2,4.14,4.29,5.833333333,2.345345691,0.60800272,-1.239818412,1.455583306,-8.789923283,-1.465352511,49.82,17.87,-6.446856905
1988Q1,453.481925,454.7788218,444.6643278,545.5069825,389.6048748,459.1747166,290.8720897,95.11433198,243.7166106,-0.329554773,0.195959524,0.814517646,5.851389226,-7.621763744,-1.303089637,-3.043385551,-4.06348069,,,0.777317862,0.966724833,-1.19665203,6.663333333,3.166666667,3.97,4.6,5.7,0.930348161,1.162322471,1.079120647,0.244489233,-11.06534119,-5.75825663,33.58,15.66,-13.20136386
1988Q2,461.8514092,458.6666714,462.7290387,554.5784755,399.6917571,462.8235459,313.5494216,110.1117942,271.0130744,-1.240997771,-0.114382691,-0.4955844,0,5.257491318,0.574908329,3.314131167,3.153244637,,,1.140588356,1.202200271,0.112761195,7.156666667,3.433333333,4.26,4.12,5.466666667,0.87100609,0.846942749,0.696868619,1.076011502,3.336094049,3.220314049,26.1,16.13,2.957120157
1988Q3,439.1646878,428.3264671,447.6957955,532.6049337,370.7474364,438.6184645,285.263143,-28.6239379,233.0830985,-2.7490852,0,0.721766469,1.311225429,8.997893298,1.610247828,1.023648823,2.019031852,,,1.211794454,1.107371208,1.158556376,7.983333333,4.3,4.72,4.28,5.466666667,0.36980742,1.124533434,-0.993410701,0.339108309,-13.07493823,3.051554393,22.32,14.33,-11.83256503
1988Q4,435.092289,424.8257118,437.2691531,529.1083594,390.7185313,430.4065093,253.8973871,40.93620012,179.8104944,-0.126887598,0,2.680999414,7.68640968,13.9657892,4.510831798,-1.932150787,-2.58719904,,,1.086512987,1.201456182,-0.037883009,8.47,3.833333333,4.96,4.57,5.333333333,0.700128383,0.864335057,1.434623053,1.101284204,-3.234952026,-3.192498743,19.97,13.57,-5.449376799
1989Q1,449.4610995,445.2174395,449.1179949,534.9961725,389.7546878,448.863637,263.905733,110.0950007,179.3616817,-2.915520707,-1.303058865,-0.17924364,-8.513111954,-13.87869748,-4.525884006,-1.819191141,-1.398176433,,,1.129644193,1.055976022,1.3658209,9.443333333,3.766666667,4.66,5.08,5.2,0.46368608,0.542087065,-0.340807498,0.730817813,22.68197177,-1.85058662,17.83,17.6,26.00374282
1989Q2,452.4935793,457.9031528,435.3798613,540.0993552,356.8930422,457.8141514,385.7214769,111.5742984,149.8860643,-0.358072161,-1.153950447,-3.404892158,0.89890156,5.181080264,0.829876903,2.470197404,1.769643323,,,1.603513091,1.070925737,6.387391105,9.726666667,4.233333333,5.83,4.94,5.233333333,-0.378715129,0.59242611,-0.289904335,0.542029849,10.01946273,16.94274817,17.02,18.83,6.755244062
1989Q3,453.4318445,453.5141063,454.6693256,541.7637867,402.4897,429.0459441,319.1847152,36.23631785,243.1030598,-2.971915346,-0.637466662,2.720026283,1.584243621,4.493135998,1.794724501,3.648813117,3.389925811,,,0.778841053,0.956697665,-1.909480192,9.083333333,3.666666667,4.2,5.01,5.233333333,-0.618643388,0.45153661,1.359650852,0.511660922,-5.583886865,-3.706415602,18.1,17.37,-8.070676242
1989Q4,451.7795107,438.8008706,462.4024652,542.4286401,313.0261707,435.2426165,319.1847152,122.6863726,221.9872775,-0.944739868,-1.316756591,0.377864789,3.509791352,6.349631489,2.06495456,-5.294777962,-2.507639826,,,1.011453925,1.202214249,-1.020611078,8.613333333,3.533333333,4.04,5.14,5.366666667,0.38791688,0.920383824,-2.358642822,-0.025840581,5.456097601,-5.564177678,20.43,19.13,9.65132032
1990Q1,432.4309241,431.8864943,422.8486879,520.049607,307.2380758,445.4347296,283.3213344,62.4502569,149.8700854,0.681120207,-0.659000995,0.111474571,3.815452496,-0.383876744,0.294736448,3.753948021,2.55857572,,,1.706750108,1.263281075,4.227240605,8.25,3.966666667,4.87,4.31,5.3,0.739363072,0.029840403,0.884573382,0.286302717,6.609573524,3.143677342,22.22333333,19.82,3.543374545
1990Q2,441.3727155,449.4797129,421.1040588,530.8337421,390.1947432,463.7960009,281.3410717,40.52849103,158.2269977,-2.856491883,-2.211993932,-0.839702305,-0.678526129,0.77985913,-0.669383634,2.592312272,2.930201453,2.270497091,,0.984463909,1.297099752,-1.091106014,8.243333333,3.6,4.04,4.13,5.333333333,0.684294817,0.595388108,-3.520447769,0.151830971,-19.37264414,2.891384898,18.77333333,16.01,-21.34780019
1990Q3,516.459548,544.9964916,466.0447201,609.9094623,438.2121839,503.2614201,360.1868077,265.5362629,531.450114,-0.728025326,-3.412908591,0.342920412,4.709404871,-11.4484272,-3.694704556,0.780138401,-0.335647309,2.270497091,,1.712501914,1.476041558,4.592058655,8.16,4.233333333,5.55,4.36,5.7,0.38685076,0.9688505,-1.55358081,-0.163466837,39.25176785,11.1044301,25.22666667,26.16,49.10179996
1990Q4,502.3332125,524.4881427,468.1173979,596.5140783,441.4979836,482.5643509,347.609869,155.4419837,491.0938651,2.657684086,-3.771786816,0.731697851,7.788568643,2.843368636,2.504755045,-4.676971853,-1.88338747,1.981739959,-0.288757131,1.683668368,1.141204567,8.717846712,7.743333333,4.733333333,7.6,3.93,6.133333333,-1.560018024,-0.008683882,-3.262204242,-1.185389326,18.39994148,14.11744752,25.96,32.64,22.13070035
1991Q1,566.6691936,551.8523274,594.1389808,659.4224471,536.7945931,532.9492984,327.0835564,108.2950037,558.9596213,1.812322919,0.18736691,1.379736082,3.587113726,-1.813036191,0.22314327,-3.966229245,-1.326878702,1.981739959,-0.288757131,0.744789937,1.438183945,-5.588418627,6.426666667,3.533333333,3.86,4.45,6.6,-1.932576743,-0.748754586,-3.148723365,-0.682211345,-38.01088429,-16.84488931,22.25666667,20.82,-44.96244669
1991Q2,451.4734772,459.1848512,436.9743168,540.1863756,363.7002531,437.7851263,329.5836866,-9.928934873,325.9608151,-1.948362936,-2.170639381,0.298968985,-2.108893002,-2.073981548,-2.206495475,4.758512311,0.694433929,1.19000867,-1.251695109,0.591863627,0.900266682,-3.391239258,5.863333333,3.2,2.91,4.29,6.833333333,0.526352883,0.520899895,-0.364576014,0.574999665,-4.834797368,-1.509024572,17.14666667,18.87,-9.834070381
1991Q3,474.961679,497.0276155,441.02901,557.2369415,391.6148998,498.3606622,314.9882953,19.09361074,299.3189379,-0.938253951,-4.160150851,0.178763178,0,6.950750464,1.426317204,1.780898906,3.182773741,1.19000867,-1.251695109,0.759342289,1.079062781,-0.362349644,5.643333333,3.1,3.22,3.57,6.866666667,1.390822186,0.050371984,-0.241067958,0.259340348,4.256162219,-0.292825978,16.64333333,19.87,5.163769718
1991Q4,462.3468414,483.6810868,426.8717949,547.5573769,359.356802,477.6318442,336.729583,165.7673651,219.5450192,0.157228469,-3.104149103,-0.061278396,2.80960423,2.529544631,1.204904155,-2.800450094,-2.438470878,0.855075791,-0.334932879,0.826250144,0.928943048,1.245426902,4.816666667,2.933333333,3.24,3.78,7.1,0.203369328,0.091621502,-1.278249806,0.071838105,0.376416807,-0.913248356,17.49333333,20.63,3.753527052
1992Q1,451.9830139,471.3695688,412.7188147,537.1184198,349.3842706,460.5170186,347.609869,223.0924316,242.2846745,0.141016238,-15.33127505,0.172751007,-4.666681994,0.160436772,-1.978814233,-2.89431734,-2.042296465,0.855075791,-0.334932879,0.675352302,0.874574044,-1.047798379,4.023333333,2.633333333,2.99,3.85,7.366666667,-0.149258536,1.699599857,1.329245244,0.969398997,-13.92920329,-5.912751871,17.56,17.95,-13.91562121
1992Q2,445.6979488,463.8153538,409.7506226,530.2636258,314.4259614,429.5015258,287.1679625,132.9546264,208.910199,-2.145123418,-3.383295895,-0.137669813,0.243099913,-2.250664672,-1.91353681,2.035950434,2.106955743,1.415152577,-1.371338901,0.766287275,0.866991513,0.916811068,3.77,3,3.13,3.48,7.6,1.790841357,0.56554918,1.765161485,0.853283366,11.36320763,6.355687779,15.61333333,20.01,10.86420337
1992Q3,434.5794784,450.9686658,402.260984,516.6418466,276.128616,393.1825633,283.3213344,-26.59171277,248.6642988,-2.548220595,-5.050451068,-0.232095437,0.73863185,3.683507694,0.925321272,2.005413727,1.700208597,1.415152577,-1.371338901,0.760459939,0.769408638,1.328280789,3.256666667,2.833333333,3.05,3.34,7.633333333,0.796188378,0.877641883,0.898592688,0.714506448,2.26036115,2.78925694,13.90666667,20.09,0.399003023
1992Q4,439.2842927,452.9907701,414.0167365,521.9164905,316.353114,397.0291914,304.4522438,87.96365389,199.0201308,0.813132493,-5.398641039,0.088981287,3.051828844,4.050880099,1.14436809,-2.703984504,-1.506827365,1.101402889,-0.313749688,0.872132811,0.897672096,1.247018558,3.036666667,2.833333333,3.13,3.5,7.366666667,1.014094844,0.855982113,1.866361256,0.732249774,-5.654422682,-1.181740226,14.75,19.22,-4.427077528
1993Q1,464.9601658,475.949228,446.1145839,544.5677446,363.1410112,435.2426165,294.4438979,36.10392042,244.5256792,-1.783224761,-0.54335739,1.586916995,-2.91805778,1.412602691,-0.528572426,-0.111118804,-0.440421728,1.101402889,-0.313749688,0.724895025,0.867539642,-0.159326094,3.04,3.066666667,3.03,3.26,7.133333333,0.913041136,0.174424284,0.212117079,-0.086594852,-3.245620333,-3.721634458,13.24666667,18.24,-5.23344189
1993Q2,469.3333677,490.993059,431.2676557,548.4101488,291.9250047,465.0780697,317.805383,166.7735099,168.7139831,-1.720907863,-1.612683569,1.575487613,-2.993118758,-2.857217488,-1.56249938,4.700065543,2.799975921,2.210903805,-0.926662864,0.719678092,0.838116948,-0.350072094,3,3.133333333,3.31,3.26,7.066666667,0.198045261,0.451019316,1.834996283,0.349222846,-0.32840752,1.434144688,12.99,18.25,0.054809538
1993Q3,463.7024087,468.9235561,453.1703034,540.0321509,363.70906,426.7363726,332.0228319,88.13703309,201.4734332,-1.795278144,-5.436912709,-1.26990713,0.661523912,2.33963006,0.489380119,-0.080789509,1.823920892,2.210903805,-0.926662864,0.461574787,0.591264177,-1.059566633,3.06,3.066666667,2.63,3.29,6.8,0.389189104,0.678181979,0.840494737,0.21346263,-10.46672488,-2.401796629,12.12,16.49,-10.14109435
1993Q4,449.6842309,470.8057646,401.7643487,526.8607329,321.244321,412.7134385,328.3414346,152.8155172,142.3896909,2.201276369,-2.389810953,2.088573294,3.522966568,0.220643298,1.620533515,-1.096791654,-2.236005163,2.181646131,-0.029257673,0.825503427,0.782953108,1.155336486,2.99,3.033333333,3.01,3.35,6.633333333,1.544352872,0.39467146,3.013400521,1.067974592,-7.858591594,0.575671943,12.44,15.18,-8.27753646
1994Q1,458.5647519,472.9744921,430.0364561,537.7169382,316.1636303,436.9447852,320.5452805,134.5862693,129.7072609,-1.334613717,-0.232256153,0.493370732,1.105731581,3.263822134,1.846709836,-3.901896313,-3.124317226,2.181646131,-0.029257673,0.501140001,0.647810514,-0.70509418,3.213333333,2.866666667,2.96,3.32,6.566666667,1.210495804,0.622141749,1.300226538,0.7279839,-10.48788515,-5.304391153,13.38333333,13.96,-8.378267463
1994Q2,467.0271049,486.1696932,430.662937,549.4759374,312.7867207,426.7363726,368.0511204,95.3897579,188.2818493,-2.091592067,-1.069495036,-4.223413635,1.277240823,-0.060737529,-0.469632206,2.493608755,3.544306576,2.994510381,-0.237433067,0.56644538,0.686403381,-0.515143722,3.94,2.933333333,3.16,3.04,6.2,1.815877467,0.57819009,1.400743465,1.12394676,18.23590598,3.475071848,14.59333333,16.1,14.26231747
1994Q3,459.4345139,481.391727,416.6406792,541.4977934,325.7023749,432.1922711,299.5732274,161.1536737,134.4077384,-1.31744137,1.03846907,-0.010800206,2.24083714,0.392521645,0.014370921,3.587714578,2.486750547,2.994510381,-0.237433067,0.922080074,0.745397978,2.456970846,4.486666667,3.133333333,3.26,3.14,6,1.284430192,0.593989146,0.584488674,0.314009147,3.970379973,7.267837934,12.53333333,16.78,4.136842905
1994Q4,452.695636,469.2662003,428.0455228,532.8208946,348.3752622,445.4347296,310.6080331,46.20823278,255.6818404,1.994044869,-0.672090829,6.622307558,1.549140801,0.270142991,1.929120324,-1.842093776,-0.835338314,3.082241907,0.087731526,0.580358772,0.634519895,0.12566911,5.166666667,3.066666667,3.21,3.34,5.633333333,2.02804399,0.414318309,2.253717257,0.860816593,-4.647710878,-1.064298842,15.27,16.56,-1.319755208
1995Q1,437.8980333,436.7969968,432.8581905,511.6643431,339.1855698,426.2679877,283.3213344,47.74847414,156.7232512,0.095097562,-2.251380043,-1.737838123,4.918465899,0.364396312,-0.016616704,-3.182643914,-3.040870413,3.082241907,0.087731526,0.731791712,0.83981178,-0.220261283,5.81,3.066666667,3.2,3.33,5.466666667,1.052589324,0.413870174,0.563837509,0.210881184,3.887938772,-2.755964515,11.97,16.89,1.973158186
1995Q2,457.6907876,464.4102396,447.5896384,535.1035578,331.9889518,441.8840608,313.5494216,29.62185213,166.1796931,-1.275550162,-0.550629746,-0.767512261,3.727602643,0.045243614,-0.357528029,0.495083828,2.652220855,3.7583086,0.18869924,0.814175473,0.812081506,0.345772664,6.02,3.066666667,3.42,3.4,5.666666667,0.33772441,0.844960641,-0.186730915,0.089529896,5.235501493,5.831377733,12.20333333,18.07,6.753137378
1995Q3,455.6644987,462.7583781,449.903159,531.640452,303.0264514,416.924587,304.4522438,-25.18921339,192.5600948,-2.55736,-0.137699802,1.805141155,2.699885855,0.659764467,1.043379329,0.664986473,0.830556774,3.7583086,0.18869924,0.502788249,0.661432755,-0.820080354,5.796666667,2.866666667,2.91,3.42,5.666666667,0.979149225,0.392167472,1.199290173,0.589281365,-8.015759738,-1.668354828,12.45666667,16.21,-10.86247689
1995Q4,424.725638,425.830412,417.1099821,497.5602017,296.2771362,368.0511204,268.5577345,-46.26808168,180.414017,1.141636725,-1.880953363,0.763705924,0.893745535,-0.455519157,0.201045863,-3.572365046,-3.484544188,3.707884851,-0.050423749,0.543656879,0.698011456,-1.05146404,5.72,2.8,2.59,3.48,5.566666667,0.819992342,0.325886475,1.012831608,0.403679857,1.684757057,-5.208901257,12.86,16.92,4.286801843
1996Q1,437.4498368,437.1681643,435.2125691,508.3634554,368.4933366,407.7537444,350.6557897,1.075186085,215.1600448,0.549633912,-0.985259182,2.622601653,0.878585866,0.451211366,1.057252088,-5.327368837,-3.402495592,3.707884851,-0.050423749,0.885248143,0.672854001,3.183247497,5.363333333,2.833333333,2.77,3.31,5.533333333,0.674339268,0.82665999,1.286961235,0.534184783,8.512783446,2.550553443,15.42,18.56,9.251237318
1996Q2,429.2512127,421.4347355,433.5240711,499.1737137,385.9674809,400.1254139,344.4682494,-100.5070565,256.3570357,-1.782389068,-0.108169686,0.647932868,1.140808759,-1.508869027,-0.460668158,4.275370439,2.765638457,3.820820125,-0.27551769,0.856169613,0.58758147,3.416617773,5.243333333,3,3.47,2.94,5.5,2.141966204,0.962544336,2.080129609,1.40208966,9.57545868,12.58519075,16.37666667,19.5,4.940573821
1996Q3,442.4966385,439.7284637,447.6578952,516.101342,360.0222796,399.5137912,301.2261576,-34.22686897,330.4937617,-0.612658628,0.642104397,-0.750592519,1.815784841,1.424476844,0.796581314,0.320598346,1.080389993,3.820820125,-0.27551769,0.573798195,0.644384026,-1.176303184,5.306666667,3.1,2.78,2.73,5.266666667,1.31731417,0.503142396,1.234223612,0.607628793,3.018185939,-3.334079651,16.77333333,20.86,6.7418984
1996Q4,413.7350836,417.5002465,401.7943364,480.6761728,285.850457,353.61167,285.263143,24.78860668,183.6160648,1.48049126,-0.943480828,1.895055918,3.760012209,0.707506004,1.403931716,-2.880143006,-0.440790747,3.849766588,0.028946463,0.86507555,0.64025829,1.982636338,5.28,3,2.89,2.81,5.333333333,1.439254091,0.635318962,0.694641229,0.732608683,9.535072117,-0.240545352,17.21333333,23.58,12.25654455
1997Q1,399.5751221,400.2046508,396.8088229,466.1862304,294.0667438,350.6557897,281.3410717,-29.53239539,203.0297977,-0.516095322,-0.399768519,1.764237176,0.281750515,3.06175777,1.204771171,0.273934931,1.018641775,3.849766588,0.028946463,0.607395312,0.576714336,2.060417222,5.276666667,2.933333333,2.97,3.16,5.233333333,1.891857711,0.310628424,0.942674341,0.177129388,-7.913096128,0.37393206,19.92666667,21.22,-10.54547619
1997Q2,394.7840498,392.9273359,390.8617212,465.3984525,277.2049847,335.5735008,307.5774981,-40.44499223,198.5409272,-0.024002704,2.082973433,0.270188944,2.951656683,-0.911835887,-0.0896403,4.099962409,0.703131188,4.369367665,0.221838028,0.229429655,0.632538183,-3.982998963,5.523333333,2.9,2.4,3.06,5,1.453635438,0.577798573,0.50721798,1.435297281,-13.52671593,-1.748061185,19.92333333,18.05,-16.17984484
1997Q3,383.5645794,380.947335,379.8854307,454.2850161,339.3978038,314.9882953,275.1535313,-23.27294798,162.3180016,-0.610024193,1.294555247,-0.872004331,1.813080631,1.818078238,0.891996376,1.102665506,1.291365157,4.369367665,0.221838028,0.498754151,0.432560643,0.7855685,5.533333333,2.733333333,2.23,3.02,4.866666667,2.310196453,0.999402488,2.94971977,0.978578862,-0.621485162,1.320595934,22.47333333,18.51,2.516544181
1997Q4,393.4697322,412.7618139,353.679608,476.0413401,308.674288,391.8667548,335.5735008,22.34702767,237.4490566,1.127399407,-0.257014304,-1.313633696,2.313454889,2.269574912,1.813891131,-2.063123299,-0.048210901,4.227817002,-0.141550662,0.537524552,0.567349658,0.1803427,5.506666667,2.833333333,2.48,3.05,4.666666667,2.485276756,0.82117854,0.433709351,0.572030831,0.671706976,-2.796435785,27.45333333,18.76,1.341581699
1998Q1,413.7563681,432.7042326,378.7064286,494.2247267,348.2049569,400.7333185,317.805383,-17.7102697,293.7422022,-0.177582171,-1.466087147,1.451530692,2.001775404,3.374978486,1.303698603,1.728072249,-0.173434008,4.227817002,-0.141550662,0.205973296,0.602938713,-5.271678217,5.52,2.4,1.77,2.74,4.633333333,1.10048607,0.78697586,1.391806157,0.773533392,-22.33527782,-10.98984519,21.34333333,14.1,-28.55521462
1998Q2,430.3073611,454.8670379,377.3373777,503.4536007,313.8990127,409.4344562,391.8667548,14.50500515,157.0512963,-1.700873912,-1.30501277,0.388037892,-5.405871382,0.229273596,-1.132224773,3.938860734,3.926984261,3.078223392,-1.193307723,0.328677371,0.560767205,-2.143415695,5.5,2.566666667,1.67,2.6,4.4,0.65772584,1.101025349,2.982555768,0.672087406,-8.353628305,-0.492915354,21.52,13.31,-5.765916498
1998Q3,426.5399181,427.967086,428.2528531,507.4727093,302.4015177,389.8599985,324.5193133,76.31659196,317.8470312,-4.834061796,0.450395259,-0.162414251,-6.982287167,-2.238010565,-2.141728064,0.108258931,1.077153965,3.078223392,-1.193307723,0.511405431,0.595983692,-0.812474026,5.533333333,2.433333333,2.05,2.25,4.533333333,0.785058422,0.834045732,1.196395743,0.969899048,-3.636764417,-2.311880535,29.90666667,12.46,-6.599211905
1998Q4,419.1320021,434.9202089,392.4478447,503.7562165,343.0397866,391.8667548,321.8875825,35.00670852,272.0307273,0.710801465,0.535343094,0.003937994,0.541017507,0.806607263,1.018678417,-0.334296932,-1.490375193,1.993428835,-1.084794557,0.468194239,0.55433574,-1.312459457,4.86,2.433333333,1.93,2.38,4.433333333,1.424642544,0.603837908,2.910276331,1.297516121,-9.573489843,-3.47301786,29.43666667,11.21,-10.57172763
1999Q1,422.7855121,432.4044352,405.5430469,501.1450009,254.0656,411.0873864,339.0024081,26.55361578,230.47896,-2.857657075,-0.874314712,-0.067742695,-1.855088298,1.197123636,-0.006819378,-1.644128587,-1.56428239,1.993428835,-1.084794557,0.364889924,0.437470978,-1.129246005,4.733333333,2.633333333,1.93,2.4,4.3,1.187349721,0.806451256,0.365539767,0.557070244,1.596737504,-4.62084212,27.39,11.37,1.417207068
1999Q2,450.3691017,452.7857083,449.110523,527.0503979,251.2377341,443.0816799,403.1286426,-7.783108481,150.2254551,-1.614246416,0.579296596,-0.616847002,-6.592510501,-5.381266506,-3.019441165,1.360053897,1.002378213,2.313283144,-0.191953452,0.745896009,0.473351258,5.080854773,4.746666667,2.666666667,2.72,2.26,4.266666667,0.976567203,1.113769082,2.33782836,0.564090279,30.27695219,18.27212941,24.43666667,15.48,30.85705604
1999Q3,417.2231101,423.7193522,406.2911226,486.7737721,293.001421,393.1825633,349.6507561,116.8047598,187.3300914,-0.812617245,1.046027004,-0.212679559,-0.427371788,0.336354932,0.460240789,-1.686178674,-0.482021006,2.313283144,-0.191953452,0.740373567,0.527506875,4.075225589,5.093333333,2.733333333,2.32,2.16,4.233333333,0.866821317,0.98109051,1.443211449,1.022169417,20.76983476,6.11786152,23.30333333,20.64,28.76820725
1999Q4,427.8470047,436.2164006,419.5345589,501.0748219,300.6222697,440.6719247,360.1868077,37.6333735,244.7857925,2.747596747,0.483504094,-0.137254973,0.676986997,-1.323619639,0.921396266,-7.849643651,-5.955687532,2.985212232,0.671929088,0.734932298,0.562115027,2.795921774,5.306666667,2.933333333,2.62,2.2,4.066666667,1.658424311,1.441461573,-0.089274519,1.331669849,12.22542734,2.963179761,22.66666667,23.98,14.9989209
2000Q1,408.3732902,408.4574771,405.5545982,474.2362804,300.7469255,398.2792076,323.2121052,76.30838253,174.4681496,-1.758902732,2.495459087,2.962026731,1.794781809,0.675691468,0.635383232,-1.120098952,-0.937338982,2.985212232,0.671929088,0.984647577,0.651832087,5.984529217,5.676666667,3.033333333,2.56,2.35,4.033333333,0.861776866,-0.165844863,1.88007205,-1.030076574,15.93520257,9.326999216,23.17333333,26.96,11.71341364
2000Q2,416.3455945,422.0193744,407.9343721,481.4294377,297.0863986,386.4232342,334.4038968,36.9271455,124.5440675,-0.174809909,1.911490725,-1.045096987,2.477988397,5.470113303,1.548466188,3.307947594,2.363883761,4.183505955,0.653170996,0.780796471,0.629165658,2.64550384,6.273333333,3.033333333,3.38,2.45,3.933333333,1.12704079,1.02709666,0.180548706,1.494603306,-0.081032591,9.291098271,25.02333333,27.01,0.185288176
2000Q3,391.9197209,404.2758827,367.0715483,456.5311789,271.3677761,361.0917913,329.5836866,113.1036028,170.0073271,-1.366262693,2.763820904,-0.240758727,1.721003592,2.821657455,1.432246939,0.062629716,0.88176782,4.183505955,0.653170996,0.909713039,0.661888793,3.369293652,6.52,2.866666667,2.83,2.43,4,-0.107330534,0.777126997,0.033513373,-0.216362385,9.409872881,1.37547838,19.22333333,30.66,12.67517056
2000Q4,401.8902367,405.4216771,403.0102293,479.9418312,398.2280743,356.4826805,285.263143,126.3223448,283.591017,1.212392826,1.622297549,0.077731429,2.597161807,0.941575554,1.431895163,-3.965378594,-0.966659091,4.743711168,0.560205213,0.710380255,0.602906732,2.235662537,6.473333333,2.966666667,3.06,2.66,3.9,-0.263662031,0.748140756,-0.348012417,0.295165744,1.121546267,-1.765765086,26.03666667,29.92,-2.443172034
2001Q1,399.9423196,411.6921116,384.7591145,472.672294,346.1286568,367.2072336,332.0228319,75.03698683,225.8590652,-0.19136098,0.856472892,1.140366524,-0.828778925,-2.500555416,-0.819708893,1.118658042,0.074237994,4.743711168,0.560205213,0.952025469,0.725956001,3.014287997,5.593333333,2.866666667,2.61,2.71,4.233333333,-1.18916152,0.176437915,-0.909869967,-0.582232522,-10.43881583,-4.442213806,25.61,25.82,-14.73777677
2001Q2,411.0928507,416.6251702,402.6779243,487.3893803,353.8430184,372.1669277,352.6360525,45.70799141,214.8873047,-0.029466071,2.628095496,0.404707718,-5.853479663,-4.314826503,-2.432190223,5.184096738,1.79672169,3.173087218,-1.002354063,0.698709291,0.612945853,1.682620496,4.326666667,3.1,2.91,2.64,4.4,-1.209745261,-0.005233161,-1.742796826,0.326561649,-3.269341033,11.36611955,24.00333333,27.29,5.53709493
2001Q3,533.7265607,484.3898331,577.7332355,627.2614253,428.2808335,443.8721978,376.8922162,100.4481323,394.7474704,-1.584907614,3.381139066,-0.727696996,-0.798743992,1.612648002,1.268576236,1.013388856,1.518717843,3.173087218,-1.002354063,0.281875598,0.680640278,-4.979643328,3.496666667,2.7,2.29,2.44,4.833333333,-1.401315134,-0.325404955,-0.889133766,-0.720609754,-4.711792298,-10.52929458,26.41666667,25.3,-7.571593899
2001Q4,586.3081782,518.8037363,636.6350166,680.3794342,466.2562974,491.7544871,385.0147602,150.5516226,420.2503204,1.901295137,1.199594536,0.494986658,-3.377994165,-5.526392396,-0.776918797,0.468141363,-0.322220514,2.603925768,-0.56916145,-0.075089172,0.658306799,-9.204322524,2.133333333,1.066666667,1.56,2.41,5.5,-1.06986849,0.096153775,0.324269711,-0.045663057,-26.52129296,-16.72998151,27.69,19.4,-26.55313297
2002Q1,505.5502429,461.1218525,544.5544131,596.7656321,433.8507241,396.3982744,349.6507561,142.8488154,356.3771924,0.720015188,1.476601801,0.49303235,-7.674977579,-2.281905268,-0.789001277,-0.856369134,-0.112631245,2.603925768,-0.56916145,0.318740309,0.548237291,-2.403549182,1.733333333,2.233333333,1.4,2.57,5.7,0.680864472,0.235946457,-1.882130687,0.578705331,5.745788432,-6.773852387,21.37333333,21.12,8.494739277
2002Q2,505.4439504,481.6996606,533.7810478,595.7868075,479.0711833,424.8495242,312.0895417,208.3155697,358.8817895,-0.029902318,2.450111045,0.703427107,-13.1225526,-3.971567267,-1.003203843,2.716727563,1.440139586,2.835857004,-0.619617083,0.783147765,0.510160311,5.548648891,1.75,2.733333333,2.96,2.06,5.833333333,1.513613262,0.819806481,-0.566544161,0.361924944,19.52714332,18.70586571,21.75333333,25.11,17.30457143
2002Q3,495.2864928,481.6457057,514.4777611,585.5126439,422.6796216,418.459144,345.5264603,107.6107381,357.1997315,-3.868105317,3.775528636,1.974366427,19.71040179,3.848057199,1.557815197,-2.637855913,-1.786937533,2.835857004,-0.619617083,0.537187547,0.525027457,1.144111788,1.74,2.566666667,2.15,2.12,5.733333333,0.602052465,0.235733226,-0.094696085,0.099587274,7.549371014,0.588999229,35.14666667,26.89,6.848829711
2002Q4,512.9839542,512.6025345,521.4319626,600.6578541,409.4148517,462.4972813,386.4232342,266.9407978,345.5603558,-1.568693515,2.40579313,-1.184248931,-9.5005808,4.664352207,1.861989369,-1.675454066,-2.045925832,2.762543757,-0.073313247,0.589428857,0.452804675,3.06704522,1.443333333,2.466666667,2.18,2.2,5.866666667,-0.002059555,0.531650166,-1.365169014,-0.185844065,-0.530880737,0.795511916,30.54333333,26.74,-0.559389861
2003Q1,559.1919382,570.9311605,560.9691551,649.2098156,441.7763558,493.9258631,445.0463796,320.9447903,394.1198423,3.755240441,1.269756569,-0.109791675,-32.84671069,11.90289937,4.639556414,-4.860160509,-0.717617306,2.762543757,-0.073313247,1.023213751,0.329603907,9.394812361,1.25,2.766666667,2.51,2.32,5.866666667,0.654125168,0.415720427,-0.752396238,-0.188054391,19.12712162,12.49300699,30.09,31.5,16.38269742
2003Q2,523.5856685,510.3599289,544.5831789,615.5375318,434.3693793,449.6099091,409.9884743,160.5817465,381.071638,-1.706324258,2.86730465,1.06975731,40.68128984,-7.000675902,-1.514622189,5.622536992,3.169481317,3.207426889,-0.467951642,-0.163740599,0.173040362,-5.53034386,1.246666667,2.166666667,1.82,2.1,6.133333333,-0.709013223,0.268338475,1.994082208,0.580199202,-16.13243235,-3.070095981,21.53,26.17,-18.53738293
2003Q3,487.0938905,466.2684092,509.7852206,576.688945,394.2923084,391.8667548,359.2735594,117.4135269,312.2029792,-2.18197979,4.008932961,-1.842083505,-9.772949181,1.565312224,0.801781482,2.420342334,1.664360234,3.207426889,-0.467951642,0.743767601,0.396860153,4.25466626,1.016666667,2.333333333,1.65,1.89,6.133333333,0.657517423,0.964102186,2.354653855,1.3148997,3.972392889,3.439630378,19.32,28.43,8.283120912
2003Q4,477.5981307,458.4286975,500.6560336,566.7092205,379.6827663,387.1201011,361.0917913,70.07038773,319.4487686,0.320701562,1.591584066,0.844789114,4.753058819,4.310797226,2.661809925,-1.873867906,-1.398356959,3.211443367,0.004016478,0.378822497,0.257975893,0.145208509,0.996666667,2.633333333,2.17,1.96,5.833333333,0.934264198,0.327439135,0.860190036,0.810547714,3.181420257,-5.215647959,17.41666667,29.41,3.38898269
2004Q1,480.6967519,466.9552445,498.5955459,566.7097839,371.5455002,372.9701449,357.4216546,145.5408873,281.4540034,0.252385643,1.357210143,1.773903914,1.28249955,-0.724212821,0.289472552,0.158326122,-1.013415794,3.211443367,0.004016478,0.842676434,0.479781592,5.022875926,1.003333333,2.733333333,1.69,1.96,5.7,0.661667905,0.959343375,0.210063683,0.529299047,12.25571061,8.243124384,16.59666667,31.99,8.40886014
2004Q2,491.2532329,466.9427418,519.9086176,578.7740825,362.8606931,378.4189634,378.4189634,144.6545065,366.9083809,-1.505619995,2.433742882,1.246177056,5.239415938,2.059884924,0.942870453,3.75435685,2.123523184,4.620300619,0.566353078,0.782504437,0.63048688,1.755660911,1.01,3.266666667,2.8,1.85,5.6,0.523050567,0.292554871,1.481492461,0.494880902,8.357824272,15.66468518,16.25,35.41,10.15709122
2004Q3,495.4088458,483.8739203,516.596623,582.2500616,369.0122868,414.8411783,349.6507561,155.7169516,326.6456923,-3.871732856,2.683328444,1.872194263,-3.534187588,4.423462747,1.225237631,0.649009439,0.967749086,4.620300619,0.566353078,0.635707597,0.42376536,2.895305686,1.433333333,2.866666667,3.15,1.59,5.433333333,0.548595305,0.692030907,1.616159172,0.627766652,13.47698636,-2.670040622,15.42,41.39,15.60450396
2004Q4,476.6353224,453.9884719,499.9799015,564.6567568,358.4898867,382.1368637,360.1868077,80.11018904,276.2967889,1.27610048,0.074599097,-0.811013797,-1.251737647,1.0307171,0.774536823,0.2010769,-0.399731292,4.95088812,0.3305875,1.068030812,0.607084495,6.213868467,1.95,2.966666667,2.55,2.13,5.433333333,1.387429476,0.869231652,1.438010575,0.685572699,9.656683437,3.313892389,13.67,44.01,6.137757506
2005Q1,460.6103084,450.0550137,468.5858839,548.0595219,374.3865909,379.9227511,398.2792076,134.4711383,269.2785087,2.746239705,-0.692219753,2.318419839,12.96646515,-2.923541277,-0.338445925,-0.0230449,-0.21294415,4.95088812,0.3305875,0.503779403,0.620131041,-0.455335774,2.47,3,2.26,2.42,5.3,1.407391146,0.283529766,0.908482171,0.82620122,2.856948491,-1.961348795,12.76,47.87,8.407212258
2005Q2,448.6236489,434.9589527,460.9095804,532.3723619,307.6162391,348.635519,365.4977902,106.0410885,227.8290778,0.323088492,0.429213925,0.587982654,2.167232796,1.545256096,1.026922422,4.695991766,2.64317386,4.303052463,0.006596366,0.673519513,0.466745305,2.295122255,2.943333333,3.233333333,3.33,2.31,5.1,0.575319916,0.619480927,1.599985965,0.210151613,6.497012728,13.94773387,13.43333333,51.62,7.542019089
2005Q3,485.7069628,456.8921053,513.8011672,562.7038009,362.9250417,388.4994333,398.2792076,143.8399767,299.217916,-12.2624775,1.611710153,0.646238779,-5.695598026,1.126506293,-0.820627021,-2.064400721,0.406146875,4.303052463,0.006596366,1.503273953,0.33206074,13.40120843,3.46,3.466666667,2.77,2.22,4.966666667,-0.419817071,0.764804775,1.103813558,0.449427502,17.32945725,14.91945985,12.21,61.57,17.62655446
2005Q4,448.4470401,426.4696621,470.7335603,528.301523,330.5929593,349.6507561,334.4038968,117.8481088,216.2491126,-1.986296824,1.051653118,-1.306721765,-0.543200661,-0.335139195,0.43739437,-0.39907158,-1.165622649,4.316060682,0.013008218,0.928198378,0.660831746,3.481291498,3.98,3.666666667,3.74,2.53,4.966666667,0.926192458,0.438059567,-1.075667357,0.212364758,-4.950379858,-5.777348305,12.78333333,56.85,-7.975851873
2006Q1,454.7435135,448.7774575,460.5270181,539.503783,359.3138722,408.8773517,399.5137912,181.1398529,259.6549275,4.80723536,-1.780803799,1.64876714,5.069447527,0.645695983,0.420960085,-0.400431714,-0.054317194,4.316060682,0.013008218,0.51939465,0.6237709,-0.308431205,4.456666667,3,2.23,2.48,4.733333333,0.974608863,0.380606207,2.048435075,1.08690386,5.372232414,-4.017276588,12.06666667,61.79,8.332531888
2006Q2,452.4682935,446.3299355,457.3989069,536.089235,354.3907086,399.5137912,400.7333185,162.0768584,225.8583619,1.891277241,1.506218139,0.397894988,-6.532306375,-0.604327145,-0.77267544,2.22496177,1.712373065,4.884517497,0.575172261,0.898359061,0.814867612,2.608887801,4.906666667,3.533333333,3.28,2.41,4.633333333,0.589771948,0.48963964,-1.233011882,-0.034584793,10.74158636,20.45835334,14.40666667,69.49,11.74413183
2006Q3,488.2625139,485.7846649,493.2193157,564.5392221,491.3400889,417.438727,403.7186148,190.5308526,290.4801367,-1.505741969,-0.633711112,-0.787546235,1.424886993,1.532048755,0.671610016,3.237904226,2.725020767,4.884517497,0.575172261,0.939593165,0.679394396,3.256861444,5.246666667,3.366666667,3.37,2.5,4.633333333,0.404509086,0.395019476,-0.799750557,-0.171141877,-0.122954711,-0.558335753,13.62,69.73,0.344778391
2006Q4,457.9954937,463.2623213,448.0173696,539.5908491,378.6880519,406.0443011,416.40779,130.1522298,268.3662961,1.275483346,0.523413698,-0.963656502,-0.424789315,-3.202470062,-0.581747003,-3.792075061,-2.115697761,5.149410569,0.264893072,-0.411015786,0.514553314,-9.678383109,5.246666667,3,0.52,2.49,4.433333333,0.2313247,0.111712112,-0.407461438,0.538792723,-15.8909695,-22.48071296,11.03,59.55,-15.78143454
2007Q1,454.127146,453.5891559,450.9136411,539.769872,351.2398336,377.6585035,374.5574798,135.5188105,297.2385247,-0.10135844,2.619601381,2.736178495,1.164287368,-1.166349455,0.281458061,-2.54453551,-1.896433073,5.149410569,0.264893072,0.975620693,0.584176488,3.829622324,5.256666667,3,2.33,2.88,4.5,1.007831826,0.267932925,-0.815396605,-0.109214679,-3.321702744,4.344160693,12.45333333,57.84,-2.913571795
2007Q2,448.93103,437.6218131,459.383957,528.8649501,352.8203993,366.3561646,353.61167,64.99450893,248.2605457,0.803312108,-0.447034958,1.259668092,0.9503141,0.171013001,-0.378470477,3.096720938,1.485841768,4.936649603,0.0354714,1.126188451,0.484193891,6.46829647,5.25,3.333333333,4.07,2.84,4.5,1.183001805,0.212247833,-0.429881761,0.331879567,11.12437432,23.46281818,13.72666667,68.59,17.04661737
2007Q3,457.1303116,450.4723504,466.8238877,537.9668558,330.2412242,372.9701449,372.1669277,118.9972468,271.9470038,-3.664665274,0.67835198,-2.227271527,2.16386678,1.125149873,0.006471686,-0.762912108,0.063414625,4.936649603,0.0354714,0.631017363,0.514228648,0.809273528,5.073333333,3.233333333,2.33,2.54,4.666666667,0.152691808,0.468474266,-1.113882879,0.259697409,15.02070314,-5.805658826,21.5,74.75,8.600246076
2007Q4,455.8218331,459.8078432,447.4301911,537.017756,355.7231281,400.1254139,392.5268232,204.0430815,271.4664681,1.698186705,-0.33881885,0.318468732,-1.927062291,2.503604772,1.242615417,-3.097319472,-1.716952457,5.231418632,0.294769029,1.219179499,0.701461403,5.441957974,4.496666667,3.3,2.89,2.29,4.8,0.296269407,0.839710432,-1.293251872,0.314169417,18.50771386,4.020295626,22.11666667,88.29,16.64776386
2008Q1,438.1568196,429.9369401,443.8643235,516.3392003,365.6858891,346.5735903,348.635519,242.7521044,233.2203957,1.86454816,-5.292002462,2.478931778,-11.49558468,-0.918053269,0.024240627,-0.629239037,-0.125148465,5.231418632,0.294769029,1.0773641,0.660140597,4.144695784,3.176666667,3.766666667,3.2,2.4,5,-0.29541868,0.930035908,-2.354726499,-0.371553356,7.528137994,5.006533968,26.12666667,96.86,9.263978606
2008Q2,434.8211286,433.5240711,431.8021305,513.6207503,374.5448103,345.5264603,356.4826805,171.8925783,255.1890479,0.051628231,-0.390433808,1.639520041,0,1.103337226,-0.226717453,1.887230299,0.710542265,3.734048604,-1.086477799,1.292547814,0.433550269,7.122620467,2.086666667,5.033333333,3.51,2.43,5.333333333,-1.464359814,0.840792391,-1.63798389,0.334484511,23.54946482,18.80522315,20.65666667,121.2,22.41754367
2008Q3,448.7999463,439.0738575,456.3271223,530.2836754,341.5986889,441.8840608,368.8879454,203.5870601,178.2100813,-8.66320106,0.759896655,-0.672199705,0,1.67448167,-0.232571721,1.09551156,1.250196661,3.734048604,-1.086477799,1.530114352,0.64158317,6.917158508,1.94,4.733333333,5.12,2.36,6,-3.240335049,-0.262195552,-3.531237335,-0.826266665,-4.94424514,2.66168751,25.08666667,114.69,-5.520923726
2008Q4,436.3565607,422.566518,453.4855012,512.8951633,354.5081472,374.5574798,344.4682494,160.9471777,253.8056644,5.070281733,-0.127141641,0.322134096,0,-3.941955215,-0.552250825,1.89517518,0.989699805,3.910251328,0.176202724,-2.316822536,0.244512255,-26.37430758,0.669910321,2.833333333,-2.32,2.49,6.866666667,-4.398667254,-2.376240648,-7.182541711,-2.517778036,-70.37413123,-50.09956336,58.75333333,55.03,-73.43543453
2009Q1,431.9530471,429.6196378,433.5677239,511.3313033,418.8972106,350.6557897,329.5836866,139.4921454,254.0420479,4.477605179,-0.206750125,-1.690888835,0.397614838,-6.472746361,-1.947558897,3.714140107,1.662408429,3.910251328,0.176202724,-0.690246343,0.418849262,-12.00917676,0.745842271,2.033333333,-2.45,2.62,8.266666667,-5.81974916,-0.957521006,-6.305931703,-1.179616445,-30.6532609,-21.36352132,45.01666667,44.52,-21.19399647
2009Q2,444.84384,443.0538982,442.7676954,527.019922,350.234524,391.2023005,384.3030134,148.1878575,242.8789252,2.084597374,0.992252974,1.572461597,0,1.377648689,0.118420948,2.316372209,0.70946907,-1.318983948,-4.347365961,0.53034827,0.508506851,2.486767729,0.21826708,2.9,0.91,1.51,9.3,-2.893069332,-0.062456613,-3.793609998,-0.410755602,32.64348886,20.48990316,33.06,58.88,27.9562948
2009Q3,442.1447648,439.9825622,436.4965247,526.8278078,352.2429826,409.9884743,382.8641396,212.4108383,208.7719388,2.752458986,0.99929266,0.953425981,0,1.946498427,0.958881672,0.240727714,0.521476296,-1.318983948,-4.347365961,0.856713047,0.297552069,7.924612498,-0.268722126,2.633333333,2.3,1.81,9.633333333,1.553789719,0.667993582,0.4657104,0.081661381,13.57891007,10.7888962,25.47666667,68.14,14.60629378
2009Q4,448.3492074,443.0380196,450.464979,530.6934567,347.1750152,391.2023005,366.3561646,173.4974117,245.2707255,0.010756204,0.93030835,-0.552419604,0,-0.800319323,0.74623147,-4.017098554,-2.799710757,-1.058922857,0.260061091,0.779884334,0.51017467,4.149721116,-0.413001335,2.7,2.22,1.48,9.933333333,1.638731512,0.377534917,-1.094538233,0.801726145,10.91167092,1.25755539,23.09333333,74.57,9.017386932
2010Q1,440.8465689,437.0797153,442.7477898,521.6411327,345.5203729,377.6585035,373.7669618,100.9498243,271.6595092,0.571708939,0.170895981,3.837617833,-4.463215402,0.603867671,0.424990704,0.284012931,0.486793259,-1.058922857,0.260061091,0.158377949,0.014952481,0.98495695,-0.489579212,2.733333333,1.91,1.87,9.833333333,1.976228105,0.600118783,-0.542663175,0.375439916,3.31007637,4.0975005,20.31666667,76.42,2.450616046
2010Q2,451.5136063,457.2095878,437.416246,531.8840056,404.6789019,413.7829674,396.3982744,109.9484266,207.7065752,-1.799697468,0.409850373,1.844728506,0,-0.275707034,-0.149115438,2.968812171,1.719016619,4.216936782,1.114894821,-0.035275695,0.125422146,-1.940970591,-0.497138678,2.966666667,1.21,1.36,9.633333333,1.876580877,0.213053226,2.370546299,0.747236976,-0.941333753,3.523481182,26.42333333,78.49,2.672678612
2010Q3,434.6140356,427.7082699,437.918928,509.6422495,357.6959628,349.6507561,339.0024081,143.0850104,221.5178399,1.123180792,-0.027428783,1.974873484,0,0.624074462,0.022194608,1.073561665,-0.558547317,4.216936782,1.114894821,0.29271788,0.241796917,0.942105269,-0.694639405,2.533333333,1.24,1.81,9.466666667,1.289466359,0.358356648,0.077740859,0.516737702,-2.237365327,-3.340050986,24.28,76.82,-2.150620522
2010Q4,445.3959624,446.6635823,442.7637146,522.6088121,343.3681483,394.4812828,390.5334017,118.3310139,278.5381682,2.767690502,0.693603363,1.931098076,0,0.662856348,1.005360177,-3.687654731,-1.465196283,4.765685032,0.54874825,0.806463355,0.261326089,5.876389294,-0.945330319,2.9,1.96,1.81,9.5,0.417723158,0.279762289,1.456155188,0.269072525,11.00410111,5.317301713,19.34666667,86.54,11.91417119
2011Q1,462.6018019,458.4116777,467.5255794,534.2049285,347.2443567,393.8340314,384.3030134,114.1268344,332.4502191,-1.745618412,0.120341927,-0.024666475,3.666398437,4.479582749,0.380541703,-1.01932452,-0.797408873,4.765685032,0.54874825,1.061563151,0.471331738,5.580524285,-1.03133222,3.8,2.42,1.68,9.033333333,0.546793731,0.688597529,-0.193834385,-0.295781417,10.01170609,12.73142377,18.49,105.45,19.76301721
2011Q2,453.8852305,438.1276353,471.2648458,530.0012377,345.0464356,323.2121052,333.220451,109.3380726,301.0893935,1.477618369,0.305327732,-2.701349955,0,1.961694753,-1.545141001,1.79981273,0.965164626,4.400545714,0.180721768,1.130598175,0.466295797,5.929682606,-1.10952481,4.166666667,3.42,1.37,9.066666667,0.414041135,0.404338552,0.89110428,0.480325419,8.730099478,15.52865968,17.43333333,117.01,10.40224943
2011Q3,441.9723752,416.4751249,463.7572837,509.8406081,336.1189075,344.4682494,334.4038968,79.28274495,269.9676189,-0.309052019,-0.517765885,-2.649942696,0,3.143180516,1.099586469,-1.651274904,-1.239828384,4.400545714,0.180721768,0.649949063,0.681438438,-0.354943224,-1.323944826,3.4,1.7,1.69,9,1.154310991,-0.06177343,2.323786854,-0.254342488,-13.38007429,-4.968131302,30.26333333,113.24,-3.274994099
2011Q4,440.1992647,441.7433996,438.1734925,513.7334664,359.2267618,383.5861644,391.8667548,55.5162578,335.7685087,7.291890872,0.478746954,-0.532589782,0,-0.784002989,1.436884142,-1.996866863,-1.490132119,3.954707681,-0.445838034,0.447898103,0.531956884,-0.53661841,-1.462403608,3.166666667,1.9,1.95,8.633333333,1.031257493,-0.015987342,2.153905708,0.884078096,4.738606869,-6.90518726,29.94,109.42,-3.431577161
2012Q1,446.5294904,455.6260015,432.4265098,522.8309002,409.3324627,420.9655409,419.9705078,134.2516647,334.8068834,4.250345415,1.022386687,1.313245251,0,-0.012599798,1.107620896,1.849860205,1.342147681,3.954707681,-0.445838034,0.561591966,0.524320366,0.792352876,-1.419184805,3.5,2,2.11,8.266666667,0.985503618,-0.14073013,1.751102878,0.004085505,8.972453866,6.380686402,18.27333333,118.71,8.148985543
2012Q2,443.0856481,443.3907257,437.4876131,513.1867314,359.8709108,417.438727,407.1871706,90.58266473,305.9510944,1.0603374,-0.235137173,0.169964495,0,-0.01272521,-0.277873938,1.577586499,0.808062745,3.533371147,-0.463537425,0.210879164,0.490183842,-2.194259348,-1.203435595,3.1,2.07,1.95,8.2,0.633159004,-0.120471985,0.832253531,0.225842458,-9.594534325,3.908231443,19.98333333,107.75,-9.686981508
2012Q3,432.6205561,428.9225804,436.0888115,511.6878784,399.9037909,389.1820298,365.4977902,101.2025228,311.5138588,2.094842476,0.419753716,1.321520279,0,-0.103383433,-0.409459331,0.481191694,1.137798884,3.533371147,-0.463537425,0.450454158,0.451178542,0.570423112,-1.265968017,3.3,1.69,2.24,8.033333333,-0.019915695,-0.325290175,-0.186826605,-0.101146215,-1.302844808,-2.306586442,16.18,109.63,1.72973307
2012Q4,437.3154056,427.7175249,446.2300085,505.3354698,400.3531468,367.2072336,346.5735903,55.98999028,271.3066367,8.773249128,1.070602004,3.278597714,0,-2.244784562,0.697129169,-0.741910192,-1.520805076,3.278158529,-0.255212618,0.662751381,0.464569362,2.431175352,-1.397239924,3.133333333,2.29,2.12,7.8,0.477939411,0.099805953,1.17200455,-0.131575713,-4.556571619,-3.784160282,16.76333333,110.15,0.473201356
2013Q1,441.5421113,439.7079437,447.7374693,516.2653033,350.9542151,369.7178257,370.5408756,10.25612679,261.5451805,1.404236702,-0.228708376,-1.28129628,0,-1.730208431,-0.692969397,-0.903526963,0.690365521,3.278158529,-0.255212618,0.401149059,0.504861776,-0.297823863,-1.406898194,3.266666667,1.7,2.02,7.733333333,0.749731463,0.187512312,1.375295145,0.711134688,6.789325523,1.627420878,13.53666667,112.44,2.057667279
2013Q2,446.8968565,443.7421921,450.8402278,527.3407501,362.5484979,402.5351691,379.173684,79.57567293,276.7370069,2.461948151,-0.01489087,1.000635029,0,1.861791927,0.54166265,1.501571092,-0.165226731,3.307831966,-0.31175799,-0.109545155,0.227095468,-3.217755103,-1.254071465,3.066666667,1.2,2.05,7.533333333,0.457811862,-0.035876871,0.451886983,0.049350188,-0.13787498,0.619655162,14.91,102.56,-9.197175287
2013Q3,448.2625833,443.3511577,453.5534251,527.3811079,390.7359489,414.3134726,341.2247218,35.07074219,303.5328869,4.071341741,0.7365753,-2.574082814,0,1.792805287,0.248624377,0.705918804,1.027343782,3.307831966,-0.31175799,0.539386065,0.533203745,0.950623781,-1.663674422,3.133333333,2.1,2.16,7.233333333,0.407860878,0.136287202,0.862795338,0.604544808,11.61031862,-0.573279425,14.29,110.23,7.21210988
2013Q4,430.0002799,433.1127999,418.9452701,510.7010888,403.6812578,393.1825633,368.8879454,62.39882015,317.6167634,3.073265181,0.95251909,3.4133123,0,-1.481139837,0.290376627,-4.192980506,-2.947403154,2.871430811,-0.436401155,0.369085152,0.443308,-0.021766405,-1.994760238,2.966666667,1.64,2.02,6.933333333,0.673080105,0.559300823,0.914674403,0.622791116,-8.352678896,-8.522581263,14.17333333,109.23,-0.911334112
2014Q1,448.7737089,458.9819633,427.8054044,527.3683427,327.8867137,474.7826486,366.3561646,137.8563981,275.647459,3.818088719,-0.479243575,-0.960795074,0,1.496582226,0.910196189,-0.215704978,0.495350521,2.871430811,-0.436401155,0.620855139,0.386200747,2.677535582,-2.514265023,3.166666667,1.77,1.78,6.666666667,0.680793149,0.228311608,0.979396019,-0.556859862,1.431339989,3.111737719,14.85,108.14,-1.00290669
2014Q2,451.9684917,460.5703377,439.953906,530.5279297,303.9704342,473.0333329,361.0917913,78.40065235,273.542736,5.520603663,-0.263577343,0.329957206,0,-0.731356011,-0.312890678,3.448036012,1.546699588,3.586374163,-0.001512613,0.529673615,0.516040658,-0.191325568,-2.922003333,3.2,1.94,1.86,6.2,1.357378692,0.43432457,2.290739066,1.065862707,4.553138481,7.802271814,12.74,109.69,1.423152147
2014Q3,490.9611042,504.2801266,476.3426711,566.0861311,436.6179252,508.5536602,385.7214769,46.14808029,335.799718,3.531565073,-0.410429494,-1.461180473,0,0.92519768,1.248125064,1.361873191,1.612746698,3.586374163,-0.001512613,0.255507317,0.412936635,-1.715777885,-2.844799305,3.166666667,2.14,2.02,6.066666667,0.547064032,0.588956608,1.550317573,0.962327656,-5.536897559,-4.898484133,13.08666667,101.9,-7.366626519
2014Q4,444.0963559,444.6838556,442.1928206,517.6282998,329.5441192,419.4692536,335.5735008,152.6538898,295.7489852,4.767784669,1.349227119,3.907865086,0,0.526781134,2.176688678,0.901379967,-0.306239697,3.312933878,-0.273440286,-0.248752851,0.397177178,-7.244987258,-2.663600571,2.833333333,0.85,1.8,5.7,0.548145657,0.650737183,1.113867285,0.25929762,-29.00712336,-19.7864372,15.92,76.43,-28.7616651
2015Q1,469.4858532,466.7268232,474.4236234,545.4761657,413.9304021,453.2599493,351.6508228,154.3539508,350.2836734,1.160067927,0.43817209,-1.614341234,-0.240288462,0.921276635,0.003688834,2.959671046,2.014574703,3.312933878,-0.273440286,-0.649385016,0.348165812,-11.75217904,-2.016949291,2.766666667,-1.43,2.06,5.533333333,-1.126473591,-0.155332989,0.441987381,0.472452558,-41.02606232,-23.2048537,16.61,53.98,-34.77616817
2015Q2,447.8699522,449.5838834,444.9451611,530.1207825,362.8013364,418.9654742,361.9886583,118.6529494,392.0964654,0.075313597,-0.426397214,1.777535486,-0.120361098,3.877450423,0.35368073,3.005266404,2.046143825,3.450768564,-0.396226499,0.679633794,0.603113108,2.572334228,-1.476872757,2.7,1.65,1.99,5.433333333,-1.384256083,0.283881826,0.547864228,0.393323787,17.54076314,16.77958328,13.72333333,61.65,13.2859622
2015Q3,456.4556503,467.6156625,438.0149875,539.4245261,407.9277048,441.8840608,397.0291914,74.21055908,352.2165383,-0.53203007,0.459803808,-0.609850612,-0.120064019,1.316475095,0.726536472,1.532893865,1.563750969,3.450768564,-0.396226499,0.376989379,0.495256193,-1.145895187,-0.98363851,2.8,1.83,1.92,5.1,0.072432073,0.473690737,0.509437121,0.145181219,-22.01372416,-2.338044864,19.38666667,50.44,-20.06887185
2015Q4,486.9813902,463.1455026,516.8834909,565.3425317,341.5834686,485.2030264,372.1669277,154.9305889,360.3083538,-1.162262059,1.354710762,-0.207417441,-0.121093654,0.076315663,0.366432588,0.782359213,0.905734609,3.122685254,-0.328083309,-0.007567922,0.528040842,-6.106443166,-0.093353595,2.666666667,0.93,1.89,5.033333333,-1.387470227,0.110522333,-0.398107945,-0.071356905,-10.11801572,-19.04761575,17.01,43.56,-14.6645213
2016Q1,470.555836,464.9474112,477.3167415,548.0943496,307.3150688,448.863637,404.3051268,85.2709321,365.2155777,-2.401120126,1.225306592,-3.362863964,-4.233218862,1.987719875,-0.322647651,2.085150172,1.292324711,3.122685254,-0.328083309,-0.062106622,0.520378536,-6.582017506,0.36,2.566666667,0.27,1.82,4.9,-0.645973787,0.549454323,0.274371431,0.245331378,-23.44306911,-13.7957633,20.69666667,33.84,-25.24957633
2016Q2,447.6275646,440.5865224,456.3027876,524.84439,284.5016521,418.9654742,361.0917913,122.7440892,314.2121576,-3.658277176,-0.477647657,-2.890043662,-3.269755168,1.94069823,-1.748165056,1.248320384,0.745821134,3.161859302,-0.397835364,0.796602154,0.656469643,4.377906108,0.373333333,2.6,1.85,2.02,4.933333333,-0.327565753,0.282730223,-0.008558061,0.083159902,31.36111953,17.21091279,15.64,45.57,29.76060705
2016Q3,466.3124579,451.8267894,486.1748513,548.3669237,288.9818439,451.8158809,372.9701449,51.87961785,317.2120646,-1.837963495,-0.170510065,-2.872337059,-5.311463622,2.199659395,0.892895952,0.113609231,0.239663841,3.161859302,-0.397835364,0.423576203,0.520211464,0.325230966,0.396666667,2.533333333,1.87,2.06,4.9,0.219766325,0.459329734,0.801676356,0.440692009,-1.233534864,-2.592099579,13.26,45.8,0.503448584
2016Q4,450.2952873,444.1945125,459.9386828,533.3160064,271.4674632,468.2131227,379.9227511,141.4943705,309.6671743,2.647961519,3.759032959,-0.630680862,-1.84010246,1.00211284,2.073630084,-1.15710692,-1.701928853,3.081197483,-0.080661819,0.632776278,0.461826552,3.753526032,0.45,2.333333333,2.41,2.18,4.766666667,-0.156328456,0.260719446,0.440481944,0.286330073,9.128194289,1.086967224,14.1,49.05,6.855609489
2017Q1,465.728814,469.9813477,459.1713381,555.2987032,337.4333189,464.1180624,419.4692536,74.76120977,322.6593478,2.148706441,-1.107137263,-2.28656108,-3.693062464,-3.635941125,-1.559455019,0.158633685,0.683349742,3.081197483,-0.080661819,0.701275921,0.515140864,3.350442216,0.7,2.6,2.61,2.08,4.566666667,0.002633929,1.026122144,0.962681685,0.598489233,5.21409101,4.592606369,11.68,53.59,8.85222975
2017Q2,475.5972409,473.9030691,477.1926791,564.1386393,317.9115862,465.0780697,434.3805422,173.5491343,382.0307343,1.060763917,-0.501992231,0.74053469,-1.11998421,0.354174778,-0.325203675,-1.032887708,-0.492813578,3.46020601,0.018461665,0.115310326,0.26466489,-2.116751107,0.95,2.566666667,1.61,2.18,4.366666667,1.465174018,0.231569206,0.789221064,0.351893736,-7.055788907,2.380727433,11.50333333,49.55,-7.838022273
2017Q3,477.8759281,495.9950002,447.9228963,571.0519401,313.4507744,479.5790546,472.7387819,297.2248073,314.0063833,2.156682566,-1.060761516,-2.444916996,-1.210133967,0.567773444,0.815373708,-1.6410685,-1.346479642,3.46020601,0.018461665,0.476904585,0.387502263,1.811890035,1.153333333,2.633333333,1.7,2.38,4.333333333,-0.305146836,0.210633618,0.52540288,0.555739253,-0.159054008,1.996461708,10.89333333,52.1,5.018268798
2017Q4,448.781206,463.4987854,425.7690927,534.3112742,328.2584506,427.6666119,423.8925791,152.996667,358.7219531,5.834593641,-0.298900388,0.597090315,-8.451539922,-0.967813537,0.42747073,-4.272507684,-2.771519938,3.618362183,0.158156174,0.792383015,0.573266666,3.981356544,1.203333333,2.533333333,2.6,2.38,4.166666667,1.379254025,0.640502064,1.870888948,0.892669378,13.93797156,2.788486032,10.31,61.4,16.42448864
2018Q1,449.5652895,469.8205052,416.0080283,538.4986793,323.3260113,466.6578814,416.40779,187.7624388,314.4122297,3.317656881,0.411034015,-0.21982631,-11.5179044,0.498259733,0.640359039,-1.636321818,-0.799872865,3.618362183,0.158156174,0.839111309,0.719487796,2.759586326,1.446666667,2.733333333,2.61,2.31,4.033333333,0.532626964,0.429084601,0.902541441,0.421715126,12.73564366,2.569819218,17.51333333,66.86,8.519104584
2018Q2,476.7572442,502.3090735,426.8157804,573.6855842,411.9316114,487.2649551,484.1558964,255.9392128,370.3330181,2.598466563,0.395273819,0.272881688,-6.87059036,0.594278883,-0.296982139,0.297642992,-0.1267271,3.938718071,0.233828277,0.542933943,0.518475381,1.285072416,1.736666667,2.833333333,2.01,1.95,3.933333333,1.157602486,0.240503285,0.27119956,0.327487354,7.866361659,10.74660259,15.35666667,74.53,10.86008479
2018Q3,459.7876988,479.5322116,422.0242729,549.6104457,328.494633,464.4390899,451.8158809,216.4931855,312.929102,6.702233859,2.464125145,-1.30241267,-8.508914964,1.226025711,1.355518132,3.389201728,1.115872307,3.938718071,0.233828277,0.401036702,0.360357952,0.829632782,1.923333333,2.866666667,2.34,2.26,3.766666667,0.826655858,0.194823145,-0.13756057,0.385287087,2.501521444,0.582548542,12.87,75.07,0.721928269
2018Q4,447.3693823,468.9633876,406.4972965,538.8904377,329.6920314,452.5405218,443.47772,166.1304231,402.1592187,4.967801182,1.376595607,1.643028776,-6.661055781,-0.334921997,1.414838405,-1.204415889,-0.313033395,3.732876276,-0.205841795,0.40629401,0.574733107,-1.285326319,2.22,2.8,2.4,2.35,3.833333333,0.208323721,0.090830189,-0.343014121,-0.105327358,-16.61769602,-7.675660107,21.23,68.76,-8.779883107
2019Q1,448.6949555,470.5407601,409.3677673,538.7020451,304.2818107,446.9732215,452.5405218,355.2865071,332.0515365,0.095583369,-0.713572239,0.498834237,-18.40126132,-4.2494522,-2.3779051,-0.722765042,0.155145986,3.732876276,-0.205841795,0.26661589,0.653037204,-4.782451635,2.403333333,2.6,1.23,2.38,3.866666667,-0.976213934,0.301788257,0.19621165,0.743850519,-7.46593418,-10.102139,16.43,63.1,-8.590141097
2019Q2,457.9202594,482.3180585,406.9596393,553.2609868,342.5474597,449.2374692,461.1814729,321.5331977,398.565181,2.478162329,-1.549669721,0.748548609,-26.44260741,-1.512945638,-0.715519669,2.844007527,1.13385208,3.328133321,-0.325701988,0.732030749,0.437321452,4.739595208,2.396666667,2.7,2.67,2.22,3.633333333,-0.652822812,0.596653871,1.578182933,0.648058353,8.655022171,16.3739389,15.17,69.04,8.996527723
2019Q3,456.187987,479.4494941,412.3525731,551.5773816,326.8147055,430.4065093,450.3506532,255.2205454,390.366386,0.942010926,0.652677816,-1.45271523,-7.164279944,-2.983054471,-0.484612701,-0.296990965,0.119834943,3.328133321,-0.325701988,0.329333222,0.58182056,-2.199674222,2.19,2.7,1.83,2.3,3.6,-0.075573113,0.78926281,0.857596152,0.944462109,-5.878981322,-5.161578301,15.95,61.95,-10.83584387
2019Q4,440.3461915,455.7414487,412.8907007,528.6502572,288.5681908,425.7973986,413.2496328,200.757684,332.1359922,4.265864723,0.155084687,1.05263447,-1.989015848,1.524023095,2.10348238,-1.365710658,-1.370127295,3.013073303,-0.315060018,0.69990402,0.628810516,1.600041534,1.643333333,2.433333333,1.84,2.16,3.6,-0.590225774,0.589868891,-0.656793235,0.454949316,1.03536427,-2.270971443,13.91666667,63.27,2.108367508
2020Q1,459.1476859,482.8553709,420.5885937,543.0577471,307.0101898,432.6337729,453.6177315,248.3620099,356.7249386,-0.246255728,0.451535436,0.914045951,3.233334202,-0.230005755,-0.949310103,2.312439049,2.147084609,3.013073303,-0.315060018,0.359844194,0.576087638,-2.761907567,1.26,2.366666667,1.92,2.08,3.833333333,-1.736088414,-1.358395859,-1.825327791,-1.17708334,-21.89532442,-7.65905514,30.43666667,50.27,-23.00028055
2020Q2,424.4104665,442.6800809,384.0527004,509.4094943,223.5606575,362.877553,426.2679877,222.640082,221.8197665,-16.42899715,-12.6112091,0.762402356,-42.59923062,-7.154270961,-9.926891651,7.464649031,5.674431982,-3.028646378,-6.438219106,-0.980640462,-0.517225163,-14.30021738,0.460336994,2.766666667,-2.39,2.08,13,-13.4379942,-10.21731642,-5.69917217,-8.365473562,-49.80617005,-22.45488402,34.49,29.7,-52.62614319
2020Q3,425.9482282,453.6213028,363.9514125,505.2745572,281.5729166,411.6323469,440.2645922,176.0727316,238.7853974,-0.059797177,-2.928684083,0.025328251,-33.46609669,-6.721142857,-3.245236736,-2.314427612,-0.973615589,-3.028646378,-6.438219106,1.136613206,0.966075273,5.404459757,0.197344619,2.9,1.91,2.14,8.8,9.051291436,7.066119706,9.06008025,7.280085464,38.56912505,11.56656638,25.79333333,42.91,36.79578532
2020Q4,424.9542313,447.5479029,381.939589,499.0346588,328.2435938,413.7829674,401.33755,178.7623501,275.8863197,0.583896695,3.060043751,0.065543965,10.93394372,2.18258921,3.11083026,-4.148737599,-3.327629688,-4.358681819,-1.330035442,0.718800742,0.60506685,2.849328794,-0.114102907,2.633333333,2.16,1.89,6.766666667,1.80848171,1.081488064,2.693870306,0.926497572,3.743838285,-1.990345731,25.60333333,44.32,3.233114344
2021Q1,433.946702,458.4321011,387.147875,516.2346977,271.3339419,405.4679306,435.2426165,167.8437794,303.5360318,-0.19606926,1.616144152,1.961018987,28.27579365,-0.0752746,1.102354745,-1.664731142,-2.385979706,-4.358681819,-1.330035442,1.010105749,0.371209358,9.932379419,-0.818945916,3.133333333,2.48,1.55,6.233333333,0.238844676,1.644231375,2.875337486,1.445919844,30.84103169,17.09065936,23.29666667,61.04,32.00933445
2021Q2,444.3866204,467.8792326,401.8482917,524.6109704,377.2537024,455.7379522,425.3245845,90.24871942,222.2051487,4.890157014,2.724907129,0.734724023,0.420981804,2.02181742,0.780069763,-2.391626544,-1.467650532,6.025860703,0.874330593,1.806574115,1.724682332,4.34700551,-1.874913618,4.066666667,3.38,1.81,5.933333333,1.661870319,2.954986437,2.368644394,1.575692332,13.42016992,16.34707947,18.04666667,68.98,12.22872205
2021Q3,433.3405206,445.9334838,417.5104961,517.7657738,298.8311237,408.3171262,417.438727,160.8450561,203.0310759,-1.397134557,0.775996433,0.506910824,1.477031358,5.592563425,2.150238018,-1.800999211,-2.871189146,6.025860703,0.874330593,1.580931125,1.269998363,4.496962022,-1.83199244,4.633333333,5.09,2.16,5.066666667,0.456592883,1.445893041,-2.252360588,0.669477086,6.634314089,8.424682293,18.29666667,73.51,6.360484388
2021Q4,450.3322013,481.656499,390.2241994,529.5815035,309.8324259,475.3590191,439.0325437,145.5315423,253.661267,4.520879613,3.411304756,-1.385031571,22.6570585,2.741570787,2.41623793,-4.175050716,-3.513204845,5.87951372,-0.146346983,2.154418315,1.530134494,8.484184023,-1.568904915,4.833333333,4.62,2.41,4.166666667,0.822472052,0.589670474,1.202176825,1.544896013,9.222893705,5.213883039,19.24,79.61,7.971826171
2022Q1,541.4291359,572.9894134,494.0284358,622.0784688,339.4320421,633.8594078,506.8904202,252.0087056,334.6061579,-1.281962319,1.307341742,5.330922554,3.489346955,2.848876058,1.219665722,-4.099843362,-1.949400031,5.87951372,-0.146346983,2.176627934,1.613717251,7.606675452,0.166004809,5.066666667,5.52,2.44,3.866666667,0.251189357,-0.551162064,0.805900273,-0.749156645,19.85163579,9.65922596,25.3,100.87,23.6692846
2022Q2,504.1509304,520.9595436,498.6729594,580.8226566,321.6294376,590.8988325,460.1831285,172.2764189,250.5822435,1.951098523,-6.916339053,0.037625327,2.905891194,2.74120112,-0.781373651,-2.744134908,-1.190902416,3.585150249,-1.303796399,2.324315854,1.440928744,9.690616994,0.77,5.333333333,7.21,2.72,3.633333333,0.464817716,0.621610192,-0.441114405,0.016118948,14.07005438,20.79541071,27.30333333,113.84,12.09613947
2022Q3,484.6886851,505.6097174,466.2274895,566.3578561,325.8049562,560.3348077,466.6578814,146.1123879,308.2738622,2.945043187,3.945636862,-3.256531862,-8.305302068,3.161056597,2.14780476,-2.527991029,-0.303241595,3.585150249,-1.303796399,1.310848188,1.497019708,-3.060602394,2.19,4.9,6.29,3.06,3.533333333,-0.059400472,0.50586608,-0.438982164,0.532608268,-15.42375504,-9.668196647,24.83666667,100.71,-12.25488541
2022Q4,481.7805384,500.4997208,467.3233737,566.4485318,277.8164724,560.2118821,466.0289485,191.7402748,314.3747696,1.541573448,1.318439409,0.425546397,3.345727204,-1.616988682,0.958911538,-2.314015346,-0.010192571,3.191524671,-0.393625578,1.039973817,1.258442922,-2.501076682,3.653333333,4.766666667,5.23,3.87,3.566666667,-0.540502939,0.432760146,-1.10576116,0.494300976,-11.8301861,-11.9434727,25.03,88.72,-12.67597566
2023Q1,470.2417882,485.5046544,455.180457,558.6820811,314.0748635,535.0277105,477.9123493,84.92343833,290.8589915,2.66828425,0.722370041,5.068637231,1.482714832,-2.333818546,0.352856909,0.408445653,-0.47057769,3.191524671,-0.393625578,0.896568922,1.190727956,-2.310107258,4.516666667,3.9,3.34,3.91,3.533333333,0.063759889,0.326923483,1.082499691,0.186337337,-8.452541408,-6.515043809,20.64333333,81.07,-9.017236404
2023Q2,468.7702101,481.5025843,454.0773877,550.9647615,310.5892227,528.4894346,472.1470642,168.8303938,346.1792065,0.303189683,-2.963707017,-0.085454051,7.396138457,-0.31629125,-0.858341101,0.565837967,0.498760674,2.83079231,0.175568754,0.716917713,1.155255377,-3.934597181,4.99,4.066666667,3.47,3.59,3.533333333,0.044369573,0.547673932,0.781017387,0.436009346,-3.09250245,5.683084813,16.48666667,77.99,-3.873236566
2023Q3,462.8951815,480.6940277,439.7940993,543.2866785,313.0005136,529.1628378,461.8415413,140.6958097,300.9226358,2.151407778,-0.871391268,-3.339984318,1.085474081,-3.637913379,-0.690142585,1.446822238,1.011351346,2.83079231,0.175568754,0.850477733,0.709772491,2.922066332,5.26,3.366666667,3.07,3.03,3.633333333,0.153999174,0.527201445,-0.035226209,0.925420527,10.95140254,4.762595989,14.98333333,86.65,10.52964028
2023Q4,510.9716134,508.4938485,527.3529333,595.5740076,580.6429757,503.4785754,448.488402,209.0589648,381.7774359,1.875497031,1.280615325,0.907062324,-1.737577086,0.999875126,1.823244108,-1.703740016,-1.333711357,2.963759872,0.132967562,0.718354593,0.853646664,-0.680879149,5.33,3.933333333,3.16,3.02,3.8,-0.274911989,0.822268228,0.344912215,0.614072887,-4.837913439,-9.933540077,15.21,84.01,-3.094117678
2024Q1,498.8571445,489.93809,517.7015648,582.8190064,543.8923952,508.5536602,446.9732215,202.570127,354.7470859,-2.543654506,-0.600573033,3.546141256,5.591842989,0.902288048,-0.384399615,-0.665341968,0.155692,2.963759872,0.132967562,0.907093071,1.022560575,0.270091276,5.33,2.933333333,2.53,2.64,3.833333333,-0.654960875,0.768483969,-0.179427406,0.249652184,-1.089963987,-3.955754028,13.72,82.92,-1.305955181
2024Q2,491.1575872,496.0183751,491.4809426,579.0414224,532.7228922,511.9987831,456.0869927,172.6632119,328.5238684,2.534373397,-2.856341688,-0.746121786,4.40105316,-0.134516616,-0.734299188,3.508016729,1.869334109,3.179491324,0.238205381,0.665724808,0.784827754,-0.224907735,5.33,3.166666667,3.59,2.56,3.966666667,0.676320744,0.805446315,0.237580914,0.680503944,5.216535687,9.126698116,13.95666667,84.68,2.10031587
2024Q3,479.7799545,477.0684624,488.2397801,561.994811,507.6285484,488.7839717,426.7363726,237.3402605,291.017803,-0.061742806,-2.113890554,-1.620770969,3.024565386,0.213947664,-0.419555347,-0.12887229,-0.619638315,3.179491324,0.238205381,0.331738368,0.5526897,-2.789533742,5.263333333,2.8,2.16,2.44,4.166666667,-0.592945724,0.731646447,0.523145373,0.594693759,-6.93309279,-5.968744881,17.11333333,80.01,-5.67278194
2024Q4,489.7740293,488.2347274,497.6871664,575.6414994,513.9694991,523.6441963,454.6834609,167.7525453,335.3199725,1.418480912,0.761770928,0.221845114,-0.319282981,-0.513088059,0.950108342,-1.254690326,-1.033453865,3.231977779,0.052486455,0.782192912,0.853633154,-0.067885338,4.65,2.7,2.21,2.58,4.133333333,-0.375669363,0.580937207,0.026634676,0.234652376,-7.562929452,-8.785259863,17.28333333,74.66,-6.920715338
2025Q1,495.1380567,500.9634794,491.3904105,588.0463746,467.5917034,521.8552398,461.8415413,256.7795572,405.190298,-1.317291807,0.25686832,4.564114576,6.176676317,0.096248543,0.783687098,-1.753677669,-0.172288826,3.231977779,0.052486455,0.907883238,0.838312241,2.055918095,4.33,4.2,3.02,2.39,4.133333333,1.036141862,-0.939505934,-1.001726198,-1.412447102,1.613805868,1.025437542,18.52333333,75.87,1.607687586
2025Q2,517.2395047,537.985127,504.1703205,609.2681699,547.9236907,515.3291594,477.9123493,262.2091948,385.5307062,1.70233993,0.20382083,-0.729003315,3.141619623,1.56883298,0.827008011,2.844789066,0.885696054,2.785396948,-0.459278245,0.409417153,0.534033427,-1.673530628,4.33,6.033333333,3.13,2.36,4.2,0.451487562,0.391809195,0.463278748,0.744655725,-10.57679012,2.423003603,23.61,68.07,-10.84847619
2025Q3,488.8969731,502.8998978,477.2378105,577.4608393,505.5100141,501.5069891,450.7189778,246.5234382,305.8673397,2.011674893,0.355352415,-1.542226511,2.199952506,1.997563653,2.206257774,2.963880925,1.92820379,2.785396948,-0.459278245,0.760641784,0.790127868,0.361828602,4.293333333,4.666666667,2.91,2.67,4.333333333,0.530523524,0.515785914,-0.029243259,0.846438369,1.702973984,-0.231609791,15.97333333,69.03,1.400460526
2025Q4,486.8149646,496.9697552,479.4329424,577.2169148,450.8073475,500.3946306,445.8215773,403.6336748,295.6762576,-0.091411633,1.833106939,-1.180830661,-2.065609797,1.733587109,0.872482873,0.143743697,-0.764133942,3.162889964,0.377493016,0.621245482,0.483004388,2.740481937,3.896666667,4.433333333,3.07,3.09,4.433333333,-0.418619275,0.1201088,-0.236430458,-0.143001765,-9.733037226,-4.137243667,17.80333333,63.65,-8.114186771