variant,shock,outcome,horizon,beta,se,lb,ub,nobs
with_oil,World,Real_Brent,0,1.23417362584961,1.67360803932604,-1.51866662773097,3.9870138794302,150
with_oil,World,Real_Brent,1,1.12763906661899,2.07537817720788,-2.28605425545732,4.54133238869531,149
with_oil,World,Real_Brent,2,-0.0737779459577074,1.67952786974854,-2.83635545407967,2.68879956216426,148
with_oil,World,Real_Brent,3,0.581436901035485,1.63942801446434,-2.11518221468204,3.27805601675301,147
with_oil,World,Real_Brent,4,1.28898413136709,1.75386879631157,-1.595873319443,4.17384158217719,146
with_oil,World,Real_Brent,5,3.46390682982792,1.84197772936862,0.43412308091212,6.49369057874373,145
with_oil,World,Real_Brent,6,2.73028833616881,2.08527816446589,-0.699689015855624,6.16026568819325,144
with_oil,World,Real_Brent,7,4.07731792259862,2.15870921602769,0.526557239081907,7.62807860611534,143
with_oil,World,Real_Brent,8,3.82434221393586,2.11595658284523,0.343903354171039,7.30478107370067,142
with_oil,World,Real_Brent,9,4.55217594776248,2.03469758137445,1.20539625128933,7.89895564423563,141
with_oil,World,Real_Brent,10,3.34766858969212,1.8008545176682,0.385526504693627,6.3098106746906,140
with_oil,World,Real_Brent,11,3.2657202616353,1.99434906460227,-0.0146920306830163,6.54613255395361,139
with_oil,World,Real_Brent,12,3.43566361824529,2.20349704197084,-0.188766483217293,7.06009371970787,138
with_oil,World,Real_WTI,0,0.941936650438113,1.55469496276283,-1.61530899786551,3.49918229874173,153
with_oil,World,Real_WTI,1,1.06296394477377,1.9260965273568,-2.1051829141077,4.23111080365524,152
with_oil,World,Real_WTI,2,-0.126660836858375,1.52443125406832,-2.63412711415084,2.38080544043409,151
with_oil,World,Real_WTI,3,0.844645024074476,1.51110782889747,-1.64090616900229,3.33019621715124,150
with_oil,World,Real_WTI,4,1.35039896344415,1.58790313072543,-1.26146926037717,3.96226718726548,149
with_oil,World,Real_WTI,5,3.53632372917046,1.69412180761011,0.749741329425381,6.32290612891554,148
with_oil,World,Real_WTI,6,3.12076374474318,1.87703506325795,0.0333158130282594,6.2082116764581,147
with_oil,World,Real_WTI,7,3.82915543860975,1.93574512895278,0.645138042398118,7.01317283482138,146
with_oil,World,Real_WTI,8,3.2220308453036,2.00027509840711,-0.0681289052120517,6.51219059581924,145
with_oil,World,Real_WTI,9,4.15063328250948,1.82877347283166,1.14256860284968,7.15869796216927,144
with_oil,World,Real_WTI,10,3.10893111319223,1.53440031557207,0.585067188928024,5.63279503745643,143
with_oil,World,Real_WTI,11,3.45933120549601,1.74989317030257,0.581013077546218,6.33764933344581,142
with_oil,World,Real_WTI,12,3.69094659996221,1.86850083886816,0.617536218188044,6.76435698173637,141
with_oil,World,Real_Gasoline,0,-0.142027794449387,0.76429965398437,-1.39918885238333,1.11513326348456,153
with_oil,World,Real_Gasoline,1,0.0196377096701934,1.07607640677718,-1.75035047089415,1.78962589023454,152
with_oil,World,Real_Gasoline,2,-0.391723970351177,0.742742153408908,-1.61342609527557,0.829978154573213,151
with_oil,World,Real_Gasoline,3,-0.402056220209708,0.843096694129255,-1.78882687541901,0.984714434999593,150
with_oil,World,Real_Gasoline,4,-0.115216905745372,0.895895112923568,-1.5888332316058,1.35839942011506,149
with_oil,World,Real_Gasoline,5,1.35434450259581,0.743570135700423,0.131280467996174,2.57740853719545,148
with_oil,World,Real_Gasoline,6,1.43107417467895,1.06301614081756,-0.317431780052778,3.17958012941068,147
with_oil,World,Real_Gasoline,7,1.94083175896319,0.987245491244045,0.316957431998931,3.56470608592744,146
with_oil,World,Real_Gasoline,8,1.67061864411013,1.19694466952536,-0.298180136818895,3.63941742503915,145
with_oil,World,Real_Gasoline,9,2.16187452895671,1.10888454256677,0.337921767245339,3.98582729066808,144
with_oil,World,Real_Gasoline,10,2.11666715856018,0.858284246977252,0.704915201964331,3.52841911515602,143
with_oil,World,Real_Gasoline,11,1.323410184317,1.17099187996534,-0.60270005657471,3.24952042520871,142
with_oil,World,Real_Gasoline,12,1.54891859855299,1.03863993768504,-0.159492070044888,3.25732926715088,141
with_oil,World,Headline_Pi,0,-0.01644671820885,0.0414411494128865,-0.0846113431256742,0.0517179067079741,150
with_oil,World,Headline_Pi,1,-0.0149417667433363,0.0668713062680251,-0.12493527739728,0.0950517439106075,149
with_oil,World,Headline_Pi,2,-0.0477850320471364,0.0762858312705075,-0.173264058297439,0.0776939942031658,148
with_oil,World,Headline_Pi,3,-0.0655047694274654,0.0886589578301686,-0.211335777776156,0.080326238921225,147
with_oil,World,Headline_Pi,4,-0.0704788578010947,0.100545529706768,-0.235861537013029,0.0949038214108399,146
with_oil,World,Headline_Pi,5,-0.0370041607809427,0.1075225996511,-0.213863098796305,0.13985477723442,145
with_oil,World,Headline_Pi,6,-0.103649033651327,0.1202471515793,-0.301437997057123,0.0941399297544683,144
with_oil,World,Headline_Pi,7,-0.0425637695672695,0.123875498349501,-0.246320832317867,0.161193293183328,143
with_oil,World,Headline_Pi,8,-0.0530358672597538,0.144555689887542,-0.290808818067749,0.184737083548241,142
with_oil,World,Headline_Pi,9,-0.0875172710573767,0.14952100159463,-0.333457432835721,0.158422890720968,141
with_oil,World,Headline_Pi,10,-0.130754295274606,0.132401556747817,-0.348535476105275,0.0870268855560623,140
with_oil,World,Headline_Pi,11,-0.129154434257426,0.138024765563604,-0.356184970503846,0.0978761019889945,139
with_oil,World,Headline_Pi,12,-0.0843337442316913,0.140927815062909,-0.316139371976263,0.14747188351288,138
with_oil,World,Core_Pi,0,0.0155460523565015,0.0162819477399578,-0.0112353684374024,0.0423274731504054,150
with_oil,World,Core_Pi,1,-0.0136783463139268,0.0232388148249911,-0.0519027951648671,0.0245461025370135,149
with_oil,World,Core_Pi,2,-0.0210845345385352,0.0357803741520907,-0.0799380127362823,0.0377689436592119,148
with_oil,World,Core_Pi,3,-0.0243805414097298,0.0474543816590735,-0.102436053196396,0.0536749703769367,147
with_oil,World,Core_Pi,4,-0.0662882543074966,0.0598024151153376,-0.164654473710417,0.0320779650954239,146
with_oil,World,Core_Pi,5,-0.0690412774793416,0.0686654640807614,-0.181985915118888,0.0439033601602049,145
with_oil,World,Core_Pi,6,-0.106214676811092,0.0779131363732912,-0.234370381761864,0.021941028139681,144
with_oil,World,Core_Pi,7,-0.10227350412843,0.0853515028855785,-0.242664233215533,0.0381172249586727,143
with_oil,World,Core_Pi,8,-0.113614562113165,0.096434686122366,-0.272235505345465,0.0450063811191357,142
with_oil,World,Core_Pi,9,-0.12588215877839,0.103304861194959,-0.295803534396637,0.0440392168398574,141
with_oil,World,Core_Pi,10,-0.134026270973339,0.108339796096137,-0.312229377525253,0.0441768355785745,140
with_oil,World,Core_Pi,11,-0.142277836512616,0.113341413416346,-0.328707871454298,0.0441521984290663,139
with_oil,World,Core_Pi,12,-0.143074515159159,0.11214219298074,-0.327532008017821,0.0413829776995035,138
with_oil,World,Indu_Prod,0,-1.82290305442946e-05,0.00131464047800976,-0.00218062018893586,0.00214416212784727,150
with_oil,World,Indu_Prod,1,-0.00192932477127747,0.00142071299286459,-0.00426618969044787,0.000407540147892934,149
with_oil,World,Indu_Prod,2,-0.000386636218492007,0.00223020463283958,-0.00405499639766216,0.00328172396067815,148
with_oil,World,Indu_Prod,3,0.00170876775166424,0.002536573285788,-0.00246352401749237,0.00588105952082084,147
with_oil,World,Indu_Prod,4,0.000814424787915305,0.00247581971772546,-0.0032579362544634,0.00488678583029401,146
with_oil,World,Indu_Prod,5,0.000912792610519082,0.0024107908496977,-0.0030526054624276,0.00487819068346576,145
with_oil,World,Indu_Prod,6,0.00086919031873144,0.00250407249989494,-0.0032496424148702,0.00498802305233308,144
with_oil,World,Indu_Prod,7,-0.000471630149060456,0.00247977245183957,-0.00455049286048312,0.00360723256236221,143
with_oil,World,Indu_Prod,8,-0.00259231143651278,0.0029826277572969,-0.00749829752094872,0.00231367464792315,142
with_oil,World,Indu_Prod,9,-0.00143271776240157,0.00310242944098289,-0.0065357600807633,0.00367032455596017,141
with_oil,World,Indu_Prod,10,-0.00115768475807361,0.00343892019991943,-0.00681420512170777,0.00449883560556055,140
with_oil,World,Indu_Prod,11,-0.00316981484596841,0.00389527621159843,-0.00957697405059388,0.00323734435865706,139
with_oil,World,Indu_Prod,12,-0.00315254619034972,0.00370979432158215,-0.0092546148354481,0.00294952245474866,138
with_oil,GPT,Real_Brent,0,2.66365078971291,1.54133607302583,0.128378559645227,5.19892301978059,150
with_oil,GPT,Real_Brent,1,2.86510345163783,2.10084005985656,-0.590470940462179,6.32067784373783,149
with_oil,GPT,Real_Brent,2,1.27662539750411,1.64670820218294,-1.43196856138725,3.98521935639546,148
with_oil,GPT,Real_Brent,3,1.90269992520459,1.7736801136178,-1.01474424273134,4.82014409314052,147
with_oil,GPT,Real_Brent,4,2.90067787157933,1.82233253302213,-0.0967924048737823,5.89814814803245,146
with_oil,GPT,Real_Brent,5,4.82988694234381,1.86439829432917,1.76322464583433,7.89654923885329,145
with_oil,GPT,Real_Brent,6,5.17079696227753,2.11556470653669,1.69100268168013,8.65059124287494,144
with_oil,GPT,Real_Brent,7,7.15981274456796,2.18910490647161,3.55905559938088,10.760569889755,143
with_oil,GPT,Real_Brent,8,5.10252390518672,2.35603770405933,1.2271867424303,8.97786106794313,142
with_oil,GPT,Real_Brent,9,5.22764968216471,2.27323582160195,1.48850949608673,8.96678986824269,141
with_oil,GPT,Real_Brent,10,4.28562317581583,2.16835571011729,0.718995421508463,7.85225093012319,140
with_oil,GPT,Real_Brent,11,3.3573403700376,2.35778455996529,-0.520870114991494,7.23555085506669,139
with_oil,GPT,Real_Brent,12,2.94631606618793,2.20812734508671,-0.685730206148671,6.57836233852453,138
with_oil,GPT,Real_WTI,0,2.40187978158517,1.39017385453803,0.115247274855179,4.68851228831517,153
with_oil,GPT,Real_WTI,1,2.99938801859964,1.9272272090273,-0.170618646128474,6.16939468332775,152
with_oil,GPT,Real_WTI,2,1.2487792204857,1.5304796166067,-1.26863572786513,3.76619416883654,151
with_oil,GPT,Real_WTI,3,1.83702805129186,1.65273847673866,-0.88148482657397,4.55554092915769,150
with_oil,GPT,Real_WTI,4,2.76996085055639,1.71587643774931,-0.0524047314761305,5.59232643258891,149
with_oil,GPT,Real_WTI,5,4.49794427277636,1.77990782948336,1.57025642381132,7.42563212174139,148
with_oil,GPT,Real_WTI,6,4.91185335176944,1.98397948829372,1.64849749465218,8.17520920888669,147
with_oil,GPT,Real_WTI,7,6.4915721473605,2.04505139530966,3.12776194248324,9.85538235223775,146
with_oil,GPT,Real_WTI,8,4.35644615351378,2.21199292718333,0.718041564445274,7.99485074258229,145
with_oil,GPT,Real_WTI,9,4.69847900404603,2.02836842076221,1.36210985036147,8.03484815773058,144
with_oil,GPT,Real_WTI,10,3.55595722446275,2.04061511794761,0.199444046494612,6.91247040243089,143
with_oil,GPT,Real_WTI,11,3.02870305551665,2.18434493345279,-0.56422463078624,6.62163074181954,142
with_oil,GPT,Real_WTI,12,2.66383638354255,1.9440631838892,-0.533862995500424,5.86153576258553,141
with_oil,GPT,Real_Gasoline,0,0.590654462300146,0.644460001930049,-0.469387909299648,1.65069683389994,153
with_oil,GPT,Real_Gasoline,1,1.11487927114953,1.04649083186987,-0.606444969223096,2.83620351152215,152
with_oil,GPT,Real_Gasoline,2,0.306516937181345,0.751704806324624,-0.929927439898567,1.54296131426126,151
with_oil,GPT,Real_Gasoline,3,0.114881838169835,0.923148351543583,-1.4035620760809,1.63332575242057,150
with_oil,GPT,Real_Gasoline,4,0.770745687164257,0.98029937121089,-0.841703289070222,2.38319466339874,149
with_oil,GPT,Real_Gasoline,5,1.75656650683018,0.862784004863987,0.337413107153935,3.17571990650643,148
with_oil,GPT,Real_Gasoline,6,1.98209270683493,1.13818695375758,0.109941767797928,3.85424364587193,147
with_oil,GPT,Real_Gasoline,7,3.10952297821283,1.19302500152858,1.14717147740476,5.07187447902091,146
with_oil,GPT,Real_Gasoline,8,2.24136569490164,1.41328829183833,-0.0832866778566852,4.56601806765996,145
with_oil,GPT,Real_Gasoline,9,2.38739900590459,1.26773099590253,0.302167079295502,4.47263093251367,144
with_oil,GPT,Real_Gasoline,10,2.34109320476166,1.19302791781232,0.378736907093699,4.30344950242963,143
with_oil,GPT,Real_Gasoline,11,1.14097366970475,1.41960623889719,-1.19407080118823,3.47601814059772,142
with_oil,GPT,Real_Gasoline,12,1.0511272437557,1.26445123751712,-1.02870996037761,3.13096444788902,141
with_oil,GPT,Headline_Pi,0,0.0164882475560761,0.0387128116390307,-0.0471886610778727,0.080165156190025,150
with_oil,GPT,Headline_Pi,1,0.0230024588687268,0.0702911487167568,-0.092616192040616,0.13862110977807,149
with_oil,GPT,Headline_Pi,2,-0.0123066736044364,0.0808211484054588,-0.145245632693539,0.120632285484666,148
with_oil,GPT,Headline_Pi,3,-0.025648697823793,0.0983047643749643,-0.187345646052563,0.136048250404977,147
with_oil,GPT,Headline_Pi,4,-0.0193116916304448,0.108605070158295,-0.197951135185636,0.159327751924747,146
with_oil,GPT,Headline_Pi,5,0.00902895288661727,0.117438368770778,-0.184139973929262,0.202197879702497,145
with_oil,GPT,Headline_Pi,6,-0.0403251274989832,0.13483730532406,-0.262112758209626,0.18146250321166,144
with_oil,GPT,Headline_Pi,7,0.0519261427985938,0.14721981457835,-0.190228903169728,0.294081188766916,143
with_oil,GPT,Headline_Pi,8,0.0217303923913568,0.172439292699052,-0.261907003633625,0.305367788416338,142
with_oil,GPT,Headline_Pi,9,-0.0252455639788438,0.180224454463921,-0.321688411569174,0.271197283611487,141
with_oil,GPT,Headline_Pi,10,-0.057245902446183,0.159675780305507,-0.319889188818003,0.205397383925637,140
with_oil,GPT,Headline_Pi,11,-0.0864564210551681,0.162093879711766,-0.353077127005702,0.180164284895366,139
with_oil,GPT,Headline_Pi,12,-0.088614893060222,0.169501503445938,-0.367420055777001,0.190190269656557,138
with_oil,GPT,Core_Pi,0,0.0148409106733595,0.0161536024622586,-0.0117294009250188,0.0414112222717378,150
with_oil,GPT,Core_Pi,1,-0.0214966337548421,0.0243855871280902,-0.0616073551878224,0.0186140876781383,149
with_oil,GPT,Core_Pi,2,-0.0216927158878379,0.0396437306494175,-0.0869008500324195,0.0435154182567438,148
with_oil,GPT,Core_Pi,3,-0.030713917276829,0.0534630513757021,-0.118652811240045,0.0572249766863875,147
with_oil,GPT,Core_Pi,4,-0.0704371406154187,0.0671177894827689,-0.180836080079117,0.0399617988482792,146
with_oil,GPT,Core_Pi,5,-0.0599311542729317,0.0781246106704543,-0.1884347034884,0.0685723949425367,145
with_oil,GPT,Core_Pi,6,-0.0930448996689521,0.0900237228349109,-0.241120746685629,0.0550309473477252,144
with_oil,GPT,Core_Pi,7,-0.0756413490747302,0.0967467676654495,-0.234775620765076,0.0834929226156159,143
with_oil,GPT,Core_Pi,8,-0.0819190004810565,0.110822083481065,-0.264205106441205,0.100367105479092,142
with_oil,GPT,Core_Pi,9,-0.0834352566766279,0.120358609653501,-0.281407552300026,0.114537038946771,141
with_oil,GPT,Core_Pi,10,-0.093573730802747,0.129864241363679,-0.307181399221096,0.120033937615602,140
with_oil,GPT,Core_Pi,11,-0.112660761169142,0.136048107197743,-0.336439983733232,0.111118461394949,139
with_oil,GPT,Core_Pi,12,-0.132699746950411,0.136211506302718,-0.35674773712496,0.0913482432241385,138
with_oil,GPT,Indu_Prod,0,0.000122154753210639,0.00102000315738005,-0.0015556011397079,0.00179991064612917,150
with_oil,GPT,Indu_Prod,1,-0.0019212115139436,0.00139875957000586,-0.00422196626590083,0.000379543238013624,149
with_oil,GPT,Indu_Prod,2,-0.000436759515337681,0.0022296483146256,-0.00410420463247584,0.00323068560180048,148
with_oil,GPT,Indu_Prod,3,0.000708356160341527,0.00251947474873952,-0.00343581101813533,0.00485252333881838,147
with_oil,GPT,Indu_Prod,4,0.000573564714088848,0.00261034830616661,-0.00372007616491594,0.00486720559309364,146
with_oil,GPT,Indu_Prod,5,0.000166901560064782,0.0027412488952346,-0.00434205162763857,0.00467585474776814,145
with_oil,GPT,Indu_Prod,6,-0.000799534681014252,0.00281041546182696,-0.00542225674664082,0.00382318738461232,144
with_oil,GPT,Indu_Prod,7,-0.00215579524781732,0.00283473959688569,-0.00681852695521771,0.00250693645958306,143
with_oil,GPT,Indu_Prod,8,-0.00512352073315713,0.0030989172267942,-0.010220785973272,-2.62554930422878e-05,142
with_oil,GPT,Indu_Prod,9,-0.00400444602492723,0.00304487919078093,-0.00901282660551231,0.00100393455565784,141
with_oil,GPT,Indu_Prod,10,-0.00427417065850322,0.00376343639932594,-0.0104644726697357,0.00191613135272924,140
with_oil,GPT,Indu_Prod,11,-0.00707261782186465,0.00472190599636686,-0.0148394620261126,0.00069422638238328,139
with_oil,GPT,Indu_Prod,12,-0.00577594999273457,0.00448651633980585,-0.0131556126666413,0.00160371268117213,138
with_oil,GPA,Real_Brent,0,-0.748353404042494,1.23206112983233,-2.77491362207313,1.27820681398814,150
with_oil,GPA,Real_Brent,1,-1.30979505465145,1.57251560026075,-3.89635304317812,1.27676293387522,149
with_oil,GPA,Real_Brent,2,-2.04779979593489,1.53212779087557,-4.56792574970971,0.472326157839932,148
with_oil,GPA,Real_Brent,3,-1.10578936411614,1.42132948958932,-3.44366833016022,1.23208960192794,147
with_oil,GPA,Real_Brent,4,-0.15152816109546,1.68536392159157,-2.92370512025852,2.6206487980676,146
with_oil,GPA,Real_Brent,5,1.93255560291694,1.69228249791895,-0.851001401611547,4.71611260744543,145
with_oil,GPA,Real_Brent,6,0.0506471399544708,1.60356730713813,-2.58698636125248,2.68828064116143,144
with_oil,GPA,Real_Brent,7,0.569792328724954,1.62337868793108,-2.1004279940342,3.24001265148411,143
with_oil,GPA,Real_Brent,8,2.4916989073767,1.88557674038856,-0.609798832946753,5.59319664770016,142
with_oil,GPA,Real_Brent,9,3.82083947310883,1.74538356815763,0.949938980603245,6.69173996561441,141
with_oil,GPA,Real_Brent,10,1.93639465583441,1.61664165047005,-0.722744226422063,4.59553353809089,140
with_oil,GPA,Real_Brent,11,2.75997999384583,1.91599185610053,-0.391546159870612,5.91150614756227,139
with_oil,GPA,Real_Brent,12,3.20264332536534,2.42176209896293,-0.780800846727451,7.18608749745813,138
with_oil,GPA,Real_WTI,0,-0.708799549686946,1.17824954991516,-2.64684759531884,1.22924849594495,153
with_oil,GPA,Real_WTI,1,-1.21060922342261,1.3829674683896,-3.48538827975915,1.06416983291392,152
with_oil,GPA,Real_WTI,2,-1.88039284344872,1.36706975954086,-4.12902249572518,0.368236808827742,151
with_oil,GPA,Real_WTI,3,-0.240343328445403,1.33353442883568,-2.43381227038042,1.95312561348962,150
with_oil,GPA,Real_WTI,4,0.338702227031034,1.49896198742142,-2.12687083464147,2.80427528870354,149
with_oil,GPA,Real_WTI,5,2.4883187103645,1.58393268150806,-0.117018705660997,5.09365612639,148
with_oil,GPA,Real_WTI,6,1.23762926216841,1.53225028240379,-1.28269817224089,3.7579566965777,147
with_oil,GPA,Real_WTI,7,1.03719129307814,1.60656506439237,-1.60537308002117,3.67975566617746,146
with_oil,GPA,Real_WTI,8,2.18707255728105,1.85080553796121,-0.857231644616322,5.23137675917843,145
with_oil,GPA,Real_WTI,9,3.71145488431659,1.63186288832542,1.02727929376702,6.39563047486615,144
with_oil,GPA,Real_WTI,10,2.23612416087106,1.4282723349712,-0.113174769580771,4.58542309132289,143
with_oil,GPA,Real_WTI,11,3.28029320232277,1.64550372463815,0.573680432689558,5.98690597195599,142
with_oil,GPA,Real_WTI,12,3.74596199981503,2.10696456860035,0.280313687294503,7.21161031233556,141
with_oil,GPA,Real_Gasoline,0,-0.751649707155784,0.660909574835053,-1.83874921841018,0.335449804098608,153
with_oil,GPA,Real_Gasoline,1,-0.999405384486019,0.794784940730484,-2.30671027689297,0.307899507920929,152
with_oil,GPA,Real_Gasoline,2,-1.3024216301487,0.724808335110951,-2.49462524900061,-0.110218011296799,151
with_oil,GPA,Real_Gasoline,3,-1.02241384193523,0.759018995534232,-2.27088898966478,0.226061305794311,150
with_oil,GPA,Real_Gasoline,4,-0.650828211116282,0.788273029440144,-1.94742196261893,0.645765540386364,149
with_oil,GPA,Real_Gasoline,5,1.01441649663008,0.696965084473457,-0.131989050424624,2.16082204368479,148
with_oil,GPA,Real_Gasoline,6,0.72394632580975,1.02414035304677,-0.960614648406585,2.40850730002609,147
with_oil,GPA,Real_Gasoline,7,0.494194155916449,0.800305186606951,-0.82219073294207,1.81057904477497,146
with_oil,GPA,Real_Gasoline,8,1.12671234178028,0.969836443573055,-0.468526649980577,2.72195133354113,145
with_oil,GPA,Real_Gasoline,9,1.97261161627364,0.936585570540535,0.432065443619632,3.51315778892766,144
with_oil,GPA,Real_Gasoline,10,1.63245913392308,0.762395355131062,0.3784303688648,2.88648789898137,143
with_oil,GPA,Real_Gasoline,11,1.46019357711965,1.07009185772393,-0.299950896228786,3.22033805046809,142
with_oil,GPA,Real_Gasoline,12,1.84223346068818,1.10749774869493,0.020561771906733,3.66390514946964,141
with_oil,GPA,Headline_Pi,0,-0.0582209420288982,0.0356910078094987,-0.116927425673906,0.000485541616109093,150
with_oil,GPA,Headline_Pi,1,-0.0719225799477175,0.0545478054514554,-0.161645735586787,0.0178005756913521,149
with_oil,GPA,Headline_Pi,2,-0.112734556460834,0.0665271872104713,-0.222162041634858,-0.00330707128681118,148
with_oil,GPA,Headline_Pi,3,-0.126138470625737,0.0741492866893409,-0.248103193772564,-0.00417374747891044,147
with_oil,GPA,Headline_Pi,4,-0.121410485796572,0.087439951507098,-0.265236407173483,0.0224154355803393,146
with_oil,GPA,Headline_Pi,5,-0.0900612746658986,0.0940212003277605,-0.244712387035346,0.0645898377035493,145
with_oil,GPA,Headline_Pi,6,-0.169808401805466,0.102634092090886,-0.338626460430032,-0.000990343180899883,144
with_oil,GPA,Headline_Pi,7,-0.140088550656174,0.103858062145974,-0.310919860865132,0.0307427595527836,143
with_oil,GPA,Headline_Pi,8,-0.115288664061532,0.11605159113494,-0.306176544653327,0.0755992165302643,142
with_oil,GPA,Headline_Pi,9,-0.147679636614239,0.119444675604472,-0.344148644502297,0.0487893712738183,141
with_oil,GPA,Headline_Pi,10,-0.198809275504605,0.116418568596982,-0.390300780305849,-0.00731777070336026,140
with_oil,GPA,Headline_Pi,11,-0.162736439911384,0.121716280917542,-0.362941906037647,0.0374690262148792,139
with_oil,GPA,Headline_Pi,12,-0.105062726586302,0.117812940041179,-0.298847768314852,0.0887223151422479,138
with_oil,GPA,Core_Pi,0,0.00408354382733823,0.0153816281331658,-0.0212169829959184,0.0293840706505948,150
with_oil,GPA,Core_Pi,1,-0.0125718600613076,0.0229581225172369,-0.0503346111517809,0.0251908910291658,149
with_oil,GPA,Core_Pi,2,-0.0339210802908491,0.0329129426787774,-0.088058053429682,0.0202158928479838,148
with_oil,GPA,Core_Pi,3,-0.0333055272697547,0.0429733011261365,-0.103990317489158,0.0373792629496487,147
with_oil,GPA,Core_Pi,4,-0.066117165931743,0.0546212700618406,-0.155961160101657,0.0237268282381714,146
with_oil,GPA,Core_Pi,5,-0.0862124816422929,0.0628481264642281,-0.189588450404083,0.0171634871194974,145
with_oil,GPA,Core_Pi,6,-0.123568567213508,0.0709247226339089,-0.24022935447842,-0.0069077799485954,144
with_oil,GPA,Core_Pi,7,-0.126425594059827,0.0792793135793137,-0.256828460542984,0.00397727242333021,143
with_oil,GPA,Core_Pi,8,-0.137623992725851,0.0835477291851856,-0.275047778099663,-0.000200207352038601,142
with_oil,GPA,Core_Pi,9,-0.171810868533547,0.0872835887629846,-0.315379596083683,-0.0282421409834107,141
with_oil,GPA,Core_Pi,10,-0.178745441432403,0.0924557749314264,-0.330821658160969,-0.0266692247038374,140
with_oil,GPA,Core_Pi,11,-0.17645526818655,0.0960511063132065,-0.334445278778529,-0.0184652575945705,139
with_oil,GPA,Core_Pi,12,-0.165554861369775,0.0932637515872258,-0.318960081431125,-0.0121496413084259,138
with_oil,GPA,Indu_Prod,0,-0.000879810796356406,0.001326016130451,-0.00306091323792489,0.00130129164521208,150
with_oil,GPA,Indu_Prod,1,-0.00253560809240279,0.00140985636524832,-0.0048546154482621,-0.000216600736543466,149
with_oil,GPA,Indu_Prod,2,-0.00184074814200841,0.00212185976527255,-0.00533089687279937,0.00164940058878255,148
with_oil,GPA,Indu_Prod,3,0.000816919097652728,0.00247693045769724,-0.00325726894939715,0.00489110714470261,147
with_oil,GPA,Indu_Prod,4,-0.000357901298649106,0.00249715186825173,-0.00446535060619161,0.0037495480088934,146
with_oil,GPA,Indu_Prod,5,0.000528056401272751,0.0021523540865286,-0.00301225102443764,0.00406836382698314,145
with_oil,GPA,Indu_Prod,6,0.00126555858200428,0.00198221507021537,-0.00199489506563734,0.00452601222964591,144
with_oil,GPA,Indu_Prod,7,0.000118267994088347,0.00191505332584648,-0.00303171441473572,0.00326825040291242,143
with_oil,GPA,Indu_Prod,8,6.1364572159686e-05,0.00220885922011956,-0.00357188552747917,0.00369461467179854,142
with_oil,GPA,Indu_Prod,9,0.00145705969385211,0.00268448614635805,-0.00295852708048591,0.00587264646819013,141
with_oil,GPA,Indu_Prod,10,0.00168136376981193,0.00285095000769541,-0.00300803169060318,0.00637075923022705,140
with_oil,GPA,Indu_Prod,11,0.00125175915205422,0.00256966520266957,-0.00297496397660781,0.00547848228071625,139
with_oil,GPA,Indu_Prod,12,0.000472944929264545,0.00265187915712645,-0.00388900812057191,0.004834897979101,138
without_oil,World,Real_Brent,0,1.19213531054774,1.66601062911742,-1.54820831529575,3.93247893639123,150
without_oil,World,Real_Brent,1,1.02828580771501,2.05000784827751,-2.34367703680324,4.40024865223325,149
without_oil,World,Real_Brent,2,-0.142248311988785,1.65718050942423,-2.86806768342852,2.58357105945095,148
without_oil,World,Real_Brent,3,0.610540351643077,1.6357701244118,-2.08006207035453,3.30114277364068,147
without_oil,World,Real_Brent,4,1.34694890574756,1.74624848465532,-1.52537424779626,4.21927205929138,146
without_oil,World,Real_Brent,5,3.33521050613145,1.82699550537536,0.330070322690761,6.34035068957214,145
without_oil,World,Real_Brent,6,2.59786314209486,2.06887056683159,-0.805126113451234,6.00085239764095,144
without_oil,World,Real_Brent,7,4.05023204683169,2.16353021689825,0.491541522547495,7.60892257111589,143
without_oil,World,Real_Brent,8,3.73643776176857,2.10122783144884,0.280225542158573,7.19264998137857,142
without_oil,World,Real_Brent,9,4.25800981338034,2.00232685169092,0.964475229034213,7.55154439772647,141
without_oil,World,Real_Brent,10,3.06320809445101,1.77461129853552,0.144232263625806,5.98218392527621,140
without_oil,World,Real_Brent,11,3.08224483843347,1.96070036480502,-0.142820267981139,6.30730994484809,139
without_oil,World,Real_Brent,12,3.19730629099025,2.16758152334933,-0.368048039403901,6.7626606213844,138
without_oil,World,Real_WTI,0,0.980919098397593,1.4935828163489,-1.47580601422628,3.43764421102147,156
without_oil,World,Real_WTI,1,0.983917690565218,1.88058313399208,-2.10936629816543,4.07720167929587,155
without_oil,World,Real_WTI,2,-0.272243696628871,1.50519410551458,-2.74806768035051,2.20358028709277,154
without_oil,World,Real_WTI,3,0.801537323201374,1.48797930697149,-1.64597083669942,3.24904548310217,153
without_oil,World,Real_WTI,4,1.29704686347395,1.5731802296683,-1.2906043431443,3.88469807009219,152
without_oil,World,Real_WTI,5,3.22400974396596,1.67394119104149,0.470621504577893,5.97739798335402,151
without_oil,World,Real_WTI,6,3.0520779041767,1.86257911596382,-0.0115921102004624,6.11574791855386,150
without_oil,World,Real_WTI,7,4.09518881468074,1.96060594272497,0.870279018766954,7.32009861059452,149
without_oil,World,Real_WTI,8,3.47205687801152,2.01447277450959,0.158544028464433,6.78556972755862,148
without_oil,World,Real_WTI,9,4.22239877669475,1.86315678983999,1.15777857334717,7.28701898004233,147
without_oil,World,Real_WTI,10,3.22357910214082,1.57787900081341,0.628199104762317,5.81895909951933,146
without_oil,World,Real_WTI,11,3.54524123548995,1.75066449208736,0.665654396104901,6.424828074875,145
without_oil,World,Real_WTI,12,3.94246010056772,1.96208769726455,0.715113035325268,7.16980716581017,144
without_oil,World,Real_Gasoline,0,-0.253169912903338,0.733488352224792,-1.45965088938695,0.953311063580271,156
without_oil,World,Real_Gasoline,1,-0.0707027136304322,1.04394972711463,-1.78784720862993,1.64644178136907,155
without_oil,World,Real_Gasoline,2,-0.410411407225405,0.726544255344644,-1.6054703607698,0.784647546318989,154
without_oil,World,Real_Gasoline,3,-0.397078050420883,0.841332035341192,-1.78094610022231,0.986789999380541,153
without_oil,World,Real_Gasoline,4,-0.0952299431705209,0.878791318829361,-1.54071303128046,1.35025314493942,152
without_oil,World,Real_Gasoline,5,1.3456477825154,0.734209672203779,0.137980340248162,2.55331522478264,151
without_oil,World,Real_Gasoline,6,1.44765242698153,1.06465388204497,-0.303547372348105,3.19885222631116,150
without_oil,World,Real_Gasoline,7,2.06162201762643,0.997238724489046,0.421310284714158,3.70193375053869,149
without_oil,World,Real_Gasoline,8,1.75132037036535,1.19696513503394,-0.217512073329686,3.72015281406038,148
without_oil,World,Real_Gasoline,9,2.14892860898558,1.10235054647001,0.335723314452455,3.96213390351871,147
without_oil,World,Real_Gasoline,10,2.07426282150771,0.875033959939021,0.634960038796298,3.51356560421911,146
without_oil,World,Real_Gasoline,11,1.27495294539152,1.18539582639252,-0.674849679023363,3.22475556980639,145
without_oil,World,Real_Gasoline,12,1.40202004601984,1.03953979661044,-0.307870758795239,3.11191085083491,144
without_oil,World,Headline_Pi,0,-0.0163344055902947,0.0411334906082216,-0.0839929768064023,0.0513241656258129,150
without_oil,World,Headline_Pi,1,-0.0148607898775638,0.0663346105073455,-0.123971514562984,0.0942499348078567,149
without_oil,World,Headline_Pi,2,-0.0474791509378623,0.0756738756162022,-0.171951599710647,0.0769932978349224,148
without_oil,World,Headline_Pi,3,-0.0651860505282217,0.0879540451056803,-0.209857580625353,0.07948547956891,147
without_oil,World,Headline_Pi,4,-0.0701910109680762,0.0997544434396917,-0.234272469064379,0.0938904471282261,146
without_oil,World,Headline_Pi,5,-0.0370058843904594,0.106691170063012,-0.2124972424323,0.138485473651382,145
without_oil,World,Headline_Pi,6,-0.10323796497417,0.119330563109527,-0.299519274511036,0.0930433445626969,144
without_oil,World,Headline_Pi,7,-0.0427107204736939,0.122934361225459,-0.244919750412353,0.159498309464965,143
without_oil,World,Headline_Pi,8,-0.0532029215847216,0.143452573252725,-0.289161406994988,0.182755563825545,142
without_oil,World,Headline_Pi,9,-0.0874969533792854,0.148377674005238,-0.331556508625424,0.156562601866854,141
without_oil,World,Headline_Pi,10,-0.130396948514417,0.131427000763675,-0.346575127399902,0.0857812303710682,140
without_oil,World,Headline_Pi,11,-0.128776190954571,0.137033346265079,-0.354175987571983,0.0966236056628406,139
without_oil,World,Headline_Pi,12,-0.08424945974124,0.139903392593664,-0.314370062471744,0.145871142989264,138
without_oil,World,Core_Pi,0,0.0154668136186054,0.0161741929979689,-0.0111373663971169,0.0420709936343277,150
without_oil,World,Core_Pi,1,-0.0135475396348117,0.0230573408941657,-0.0514734904324367,0.0243784111628132,149
without_oil,World,Core_Pi,2,-0.0209005552223218,0.0354997928331314,-0.0792925182199239,0.0374914077752804,148
without_oil,World,Core_Pi,3,-0.0241783850910587,0.0470834581280265,-0.101623781962361,0.0532670117802435,147
without_oil,World,Core_Pi,4,-0.0658001806711336,0.0593309716746749,-0.163390944620778,0.0317905832785105,146
without_oil,World,Core_Pi,5,-0.068578697928699,0.0681273561386037,-0.180638226767896,0.0434808309104979,145
without_oil,World,Core_Pi,6,-0.105502856016532,0.0773067516923359,-0.232661146925507,0.0216554348924439,144
without_oil,World,Core_Pi,7,-0.101653591424137,0.0846977238286899,-0.240968949658292,0.0376617668100178,143
without_oil,World,Core_Pi,8,-0.112962738438022,0.0957034572122657,-0.270380917145412,0.0444554402693684,142
without_oil,World,Core_Pi,9,-0.125194113736048,0.102514199287456,-0.293814966248047,0.0434267387759501,141
without_oil,World,Core_Pi,10,-0.133324612409269,0.107518981574434,-0.310177599218105,0.0435283743995668,140
without_oil,World,Core_Pi,11,-0.141522042615115,0.112493653275979,-0.326557636215131,0.0435135509849017,139
without_oil,World,Core_Pi,12,-0.142334068911849,0.111313499324444,-0.325428482004321,0.0407603441806231,138
without_oil,World,Indu_Prod,0,-1.40230110185773e-05,0.00130735847795172,-0.00216443634520322,0.00213639032316606,150
without_oil,World,Indu_Prod,1,-0.00191421067141318,0.00140961967976238,-0.00423282871429251,0.000404407371466147,149
without_oil,World,Indu_Prod,2,-0.000385436052196558,0.00221320152833906,-0.0040258286132596,0.00325495650886648,148
without_oil,World,Indu_Prod,3,0.00169399105272443,0.00251708761496566,-0.00244624964010648,0.00583423174555533,147
without_oil,World,Indu_Prod,4,0.000805170720293906,0.00245667743084884,-0.00323570406208764,0.00484604550267545,146
without_oil,World,Indu_Prod,5,0.00090181545564832,0.00239187929123933,-0.00303247587177681,0.00483610678307345,145
without_oil,World,Indu_Prod,6,0.000858799992089536,0.00248433186919175,-0.00322756229350164,0.00494516227768072,144
without_oil,World,Indu_Prod,7,-0.000471445409165538,0.00246042813104222,-0.00451848954436376,0.00357559872603269,143
without_oil,World,Indu_Prod,8,-0.00257410940829594,0.00295962720145667,-0.00744226294503618,0.0022940441284443,142
without_oil,World,Indu_Prod,9,-0.00142268142718439,0.00307854496310816,-0.00648643727548604,0.00364107442111726,141
without_oil,World,Indu_Prod,10,-0.00114918158264036,0.00341244990437717,-0.00676216218464535,0.00446379901936464,140
without_oil,World,Indu_Prod,11,-0.00314531322422477,0.00386527125989187,-0.00950311867520921,0.00321249222675967,139
without_oil,World,Indu_Prod,12,-0.00312716143751208,0.003680715692035,-0.00918139999333304,0.00292707711830889,138
without_oil,GPT,Real_Brent,0,2.65870773190763,1.53670117119341,0.13105923692957,5.18635622688569,150
without_oil,GPT,Real_Brent,1,2.88599768239284,2.1008563812418,-0.569603555996883,6.34159892078255,149
without_oil,GPT,Real_Brent,2,1.3208289893409,1.6517312498635,-1.39602714774616,4.03768512642796,148
without_oil,GPT,Real_Brent,3,1.90217207001315,1.78136633654421,-1.02791480958085,4.83225894960714,147
without_oil,GPT,Real_Brent,4,2.85030550869227,1.80822306401691,-0.123956756493244,5.82456777387779,146
without_oil,GPT,Real_Brent,5,4.7870523073808,1.84257713374409,1.75628262600398,7.81782198875761,145
without_oil,GPT,Real_Brent,6,5.08498301833264,2.07705722525363,1.66852790798845,8.50143812867683,144
without_oil,GPT,Real_Brent,7,6.96450246759893,2.1333126076563,3.45551548747416,10.4734894477237,143
without_oil,GPT,Real_Brent,8,4.92982223721576,2.2909798105469,1.1614957865651,8.69814868786643,142
without_oil,GPT,Real_Brent,9,5.11677562892727,2.22472650307636,1.45742617136706,8.77612508648749,141
without_oil,GPT,Real_Brent,10,4.15027089257344,2.11929136428169,0.664346805467769,7.63619497967911,140
without_oil,GPT,Real_Brent,11,3.13337550433141,2.29140845605104,-0.635656005431417,6.90240701409424,139
without_oil,GPT,Real_Brent,12,2.66587336650556,2.11013605901889,-0.80499158353274,6.13673831654386,138
without_oil,GPT,Real_WTI,0,2.48916588412894,1.32479269040611,0.310075822355651,4.66825594590224,156
without_oil,GPT,Real_WTI,1,2.9510896554494,1.90762662311709,-0.186676914453941,6.08885622535274,155
without_oil,GPT,Real_WTI,2,1.09236193232345,1.5206140409618,-1.4088255881459,3.5935494527928,154
without_oil,GPT,Real_WTI,3,1.63211417041631,1.644411936399,-1.07270276737188,4.3369311082045,153
without_oil,GPT,Real_WTI,4,2.42046214598075,1.72218657867722,-0.412282694243622,5.25320698620513,152
without_oil,GPT,Real_WTI,5,4.09127809227007,1.80398729150604,1.12398305286199,7.05857313167815,151
without_oil,GPT,Real_WTI,6,4.78522994008583,1.93450728355218,1.60324861837098,7.96721126180068,150
without_oil,GPT,Real_WTI,7,6.46831185787509,1.99197212426446,3.19180928449247,9.74481443125771,149
without_oil,GPT,Real_WTI,8,4.39662275612887,2.18666356920911,0.799881253392621,7.99336425886512,148
without_oil,GPT,Real_WTI,9,4.94948991837338,2.04325162136177,1.58864007820199,8.31033975854477,147
without_oil,GPT,Real_WTI,10,3.92512515449937,2.00907085964194,0.620497664214811,7.22975264478393,146
without_oil,GPT,Real_WTI,11,3.1960299073871,2.15204637355923,-0.343771375529561,6.73583119030376,145
without_oil,GPT,Real_WTI,12,3.18625260313841,1.95706716535891,-0.0328364219898352,6.40534162826666,144
without_oil,GPT,Real_Gasoline,0,0.655213445192462,0.639705267943274,-0.397008084963995,1.70743497534892,156
without_oil,GPT,Real_Gasoline,1,1.17762176447969,1.03354313331588,-0.522405406965726,2.8776489359251,155
without_oil,GPT,Real_Gasoline,2,0.286130236896418,0.742331586418475,-0.93489656542465,1.50715703921749,154
without_oil,GPT,Real_Gasoline,3,0.0470815737292083,0.916265410434349,-1.46004090987391,1.55420405733233,153
without_oil,GPT,Real_Gasoline,4,0.723172234000468,0.983860096381019,-0.895133613944677,2.34147808194561,152
without_oil,GPT,Real_Gasoline,5,1.67064393091722,0.8490638396136,0.274058194815447,3.06722966701899,151
without_oil,GPT,Real_Gasoline,6,1.86329393595478,1.09874659059718,0.0560166213104354,3.67057125059912,150
without_oil,GPT,Real_Gasoline,7,3.02939702527085,1.14485082137311,1.14628499941692,4.91250905112477,149
without_oil,GPT,Real_Gasoline,8,2.15754141653229,1.37916261721785,-0.11097921655437,4.42606204961895,148
without_oil,GPT,Real_Gasoline,9,2.29909760543032,1.25961964362712,0.227207666030936,4.37098754482971,147
without_oil,GPT,Real_Gasoline,10,2.30031230118222,1.15656029896865,0.39793989863556,4.20268470372888,146
without_oil,GPT,Real_Gasoline,11,1.10662272885377,1.37371326285958,-1.15293451395216,3.3661799716597,145
without_oil,GPT,Real_Gasoline,12,1.10651663655361,1.23815771356813,-0.930071569346877,3.1431048424541,144
without_oil,GPT,Headline_Pi,0,0.0165465069688678,0.0385086383786465,-0.0467945665372116,0.0798875804749472,150
without_oil,GPT,Headline_Pi,1,0.0229947674186968,0.0699109382337075,-0.0919984928985974,0.137988027735991,149
without_oil,GPT,Headline_Pi,2,-0.0121124412378964,0.0803816851458611,-0.144328547590537,0.120103665114744,148
without_oil,GPT,Headline_Pi,3,-0.0253878415138754,0.0977718375269536,-0.186208203083795,0.135432520056044,147
without_oil,GPT,Headline_Pi,4,-0.0191326780082752,0.108036341915086,-0.196836646849873,0.158571290833323,146
without_oil,GPT,Headline_Pi,5,0.00902245912763494,0.116836075556163,-0.183155783509696,0.201200701764966,145
without_oil,GPT,Headline_Pi,6,-0.0401517562775794,0.13415416568213,-0.260815722270479,0.18051220971532,144
without_oil,GPT,Headline_Pi,7,0.0515002625425885,0.146469044907888,-0.189419877210269,0.292420402295446,143
without_oil,GPT,Headline_Pi,8,0.0213689629058579,0.171548997810449,-0.260804028342549,0.303541954154265,142
without_oil,GPT,Headline_Pi,9,-0.0253548427263536,0.179264683514541,-0.320219007589554,0.269509322136847,141
without_oil,GPT,Headline_Pi,10,-0.0571424018795996,0.158827501140489,-0.318390393190173,0.204105589430973,140
without_oil,GPT,Headline_Pi,11,-0.0861544447969547,0.161237388808332,-0.351366348578524,0.179057458984615,139
without_oil,GPT,Headline_Pi,12,-0.0882568627784979,0.168598585177811,-0.365576857107108,0.189063131550112,138
without_oil,GPT,Core_Pi,0,0.0148752385569969,0.016094005575128,-0.0115970448854296,0.0413475219994234,150
without_oil,GPT,Core_Pi,1,-0.0212667408569178,0.0242540077204887,-0.0611610334240727,0.0186275517102371,149
without_oil,GPT,Core_Pi,2,-0.021428571675451,0.0394302487901969,-0.0862855594096052,0.0434284160587032,148
without_oil,GPT,Core_Pi,3,-0.0303341854328122,0.0531801751456346,-0.117807789403024,0.0571394185373995,147
without_oil,GPT,Core_Pi,4,-0.0698803798435779,0.0667531573567035,-0.179679552832214,0.0399187931450582,146
without_oil,GPT,Core_Pi,5,-0.0594505301283912,0.0777097667991267,-0.187271721897488,0.0683706616407055,145
without_oil,GPT,Core_Pi,6,-0.0924191713005257,0.08955146467731,-0.239718222773816,0.0548798801727643,144
without_oil,GPT,Core_Pi,7,-0.0751491026979818,0.0962520342630171,-0.233469610356963,0.0831714049609993,143
without_oil,GPT,Core_Pi,8,-0.0814128783781638,0.110259954357696,-0.262774364210923,0.0999486074545959,142
without_oil,GPT,Core_Pi,9,-0.0829411374537476,0.119740929371886,-0.279897439425635,0.11401516451814,141
without_oil,GPT,Core_Pi,10,-0.0930371092818396,0.129189702325523,-0.305535259716757,0.119461041153077,140
without_oil,GPT,Core_Pi,11,-0.112018757055316,0.135340941390853,-0.334634795377087,0.110597281266456,139
without_oil,GPT,Core_Pi,12,-0.131960634219734,0.135498270311436,-0.354835455587151,0.0909141871476818,138
without_oil,GPT,Indu_Prod,0,0.000133107535672976,0.00102026930373646,-0.00154508612904519,0.00181130120039115,150
without_oil,GPT,Indu_Prod,1,-0.00190666684412039,0.00139106786150375,-0.00419476986145046,0.000381436173209684,149
without_oil,GPT,Indu_Prod,2,-0.000432741986140688,0.00221728497941701,-0.00407985122651978,0.0032143672542384,148
without_oil,GPT,Indu_Prod,3,0.000705374067150951,0.00250558798218271,-0.0034159514129883,0.0048266995472902,147
without_oil,GPT,Indu_Prod,4,0.000569548799519943,0.00259667413111129,-0.00370160006304953,0.00484069766208942,146
without_oil,GPT,Indu_Prod,5,0.000165195369397525,0.00272671802319422,-0.00431985666072744,0.00465024739952249,145
without_oil,GPT,Indu_Prod,6,-0.000797268839299502,0.00279509827682764,-0.00539479637762526,0.00380025869902626,144
without_oil,GPT,Indu_Prod,7,-0.00214773536913972,0.00281916017546348,-0.00678484120870797,0.00248937047042853,143
without_oil,GPT,Indu_Prod,8,-0.00510029353584448,0.00308225049117872,-0.0101701444354328,-3.04426362562164e-05,142
without_oil,GPT,Indu_Prod,9,-0.00398769870955731,0.00302883119853362,-0.0089696826918891,0.000994285272774482,141
without_oil,GPT,Indu_Prod,10,-0.00425608044944868,0.00374408878358516,-0.010414558464757,0.00190239756585969,140
without_oil,GPT,Indu_Prod,11,-0.00703915835386999,0.00469729531347259,-0.0147655215870975,0.00068720487935756,139
without_oil,GPT,Indu_Prod,12,-0.00574919170316529,0.00446301206014836,-0.0130901932774285,0.00159180987109791,138
without_oil,GPA,Real_Brent,0,-0.803985154891551,1.21872679580044,-2.80861234522685,1.20064203544374,150
without_oil,GPA,Real_Brent,1,-1.4978667205171,1.5239444131934,-4.00453221583069,1.0087987747965,149
without_oil,GPA,Real_Brent,2,-2.22101146135572,1.50463603040469,-4.69591749320873,0.2538945704973,148
without_oil,GPA,Real_Brent,3,-1.05815717744335,1.43099740207981,-3.41193844441246,1.29562408952576,147
without_oil,GPA,Real_Brent,4,-0.0195614246751928,1.72736146948513,-2.86081820281403,2.82169535346365,146
without_oil,GPA,Real_Brent,5,1.72352723809239,1.71138023665325,-1.09144275125978,4.53849722744456,145
without_oil,GPA,Real_Brent,6,-0.112423819688494,1.63325676627329,-2.79889213543616,2.57404449605917,144
without_oil,GPA,Real_Brent,7,0.700553190545253,1.67382086244427,-2.05263712591324,3.45374350700375,143
without_oil,GPA,Real_Brent,8,2.48087991127148,1.91255994827704,-0.66500125641413,5.6267610789571,142
without_oil,GPA,Real_Brent,9,3.33969618754112,1.74571957919359,0.468243006064347,6.21114936901789,141
without_oil,GPA,Real_Brent,10,1.50873984428116,1.70190050612298,-1.29063737592577,4.30811706448809,140
without_oil,GPA,Real_Brent,11,2.67620451340167,2.01018554276306,-0.630256467457573,5.9826654942609,139
without_oil,GPA,Real_Brent,12,3.09065174932425,2.55451125886506,-1.11114535990831,7.29244885855681,138
without_oil,GPA,Real_WTI,0,-0.716027995093401,1.14498870908194,-2.59936682604532,1.16731083585852,156
without_oil,GPA,Real_WTI,1,-1.33472511414754,1.34492731750377,-3.54693369032973,0.877483462034652,155
without_oil,GPA,Real_WTI,2,-2.02721157370998,1.35342899064373,-4.25340415779159,0.198981010371635,154
without_oil,GPA,Real_WTI,3,-0.172931824009311,1.31739764184458,-2.33985811333468,1.99399446531606,153
without_oil,GPA,Real_WTI,4,0.480745005251558,1.51785180874654,-2.01589904754004,2.97738905804316,152
without_oil,GPA,Real_WTI,5,2.25851860252513,1.55430044080725,-0.298078114908947,4.81511531995922,151
without_oil,GPA,Real_WTI,6,1.20953793691376,1.53594642204409,-1.31686910618859,3.73594498001611,150
without_oil,GPA,Real_WTI,7,1.49032365053344,1.6413213433499,-1.2094097140685,4.19005701513539,149
without_oil,GPA,Real_WTI,8,2.59393751622354,1.908605724492,-0.545439532127472,5.73331456457456,148
without_oil,GPA,Real_WTI,9,3.60574256374874,1.62240425972505,0.937125032758471,6.27436009473901,147
without_oil,GPA,Real_WTI,10,2.07091589876449,1.51316860779703,-0.418024973959563,4.55985677148855,146
without_oil,GPA,Real_WTI,11,3.29633326200995,1.72656961533744,0.456378968037958,6.13628755598194,145
without_oil,GPA,Real_WTI,12,3.81920686034783,2.29918679861294,0.0373811156103971,7.60103260508526,144
without_oil,GPA,Real_Gasoline,0,-0.994101581087698,0.615024871736823,-2.00572747202938,0.0175243098539798,156
without_oil,GPA,Real_Gasoline,1,-1.2127770798788,0.773870722248496,-2.48568114416079,0.060126984403196,155
without_oil,GPA,Real_Gasoline,2,-1.31241271582415,0.709665237733493,-2.47970815603147,-0.145117275616838,154
without_oil,GPA,Real_Gasoline,3,-0.965043385417243,0.758554983287974,-2.21275530092058,0.282668530086094,153
without_oil,GPA,Real_Gasoline,4,-0.605531638500546,0.780178462958045,-1.88881101296651,0.677747735965419,152
without_oil,GPA,Real_Gasoline,5,1.06192105760479,0.716160629444694,-0.116058351217162,2.23990046642675,151
without_oil,GPA,Real_Gasoline,6,0.87123423706134,1.08840110193277,-0.919026263030755,2.66149473715343,150
without_oil,GPA,Real_Gasoline,7,0.815093389282969,0.887558170911369,-0.644809887271011,2.27499666583695,149
without_oil,GPA,Real_Gasoline,8,1.33920008880304,1.04051409237566,-0.372293289935186,3.05069346754127,148
without_oil,GPA,Real_Gasoline,9,2.05071763611652,0.961595789988093,0.469033313293337,3.6324019589397,147
without_oil,GPA,Real_Gasoline,10,1.62284701940815,0.809134693183182,0.291938884633525,2.95375515418277,146
without_oil,GPA,Real_Gasoline,11,1.4463787016965,1.12489504600792,-0.403908994669371,3.29666639806237,145
without_oil,GPA,Real_Gasoline,12,1.57497807892461,1.0990321397036,-0.232768922203097,3.38272508005231,144
without_oil,GPA,Headline_Pi,0,-0.0579861698814739,0.0357270342038059,-0.116751911671823,0.000779571908875613,150
without_oil,GPA,Headline_Pi,1,-0.0717207578463246,0.0545018634357359,-0.161368345594209,0.0179268299015595,149
without_oil,GPA,Headline_Pi,2,-0.112505339819483,0.0664367454869394,-0.221784061596527,-0.00322661804243841,148
without_oil,GPA,Headline_Pi,3,-0.125962364648134,0.0740481187036176,-0.247760681266713,-0.00416404802955569,147
without_oil,GPA,Headline_Pi,4,-0.121357306773672,0.0873711402388401,-0.265070043686414,0.0223554301390701,146
without_oil,GPA,Headline_Pi,5,-0.0900908382505497,0.0939971485594155,-0.244702388981601,0.0645207124805012,145
without_oil,GPA,Headline_Pi,6,-0.16996699615117,0.102675217236014,-0.338852699619858,-0.00108129268248214,144
without_oil,GPA,Headline_Pi,7,-0.140439458937501,0.10397904790216,-0.31146977300633,0.0305908551313281,143
without_oil,GPA,Headline_Pi,8,-0.115851038276827,0.116184630848704,-0.306957749724335,0.0752556731706817,142
without_oil,GPA,Headline_Pi,9,-0.148314962739099,0.119527213448751,-0.34491973329968,0.0482898078214823,141
without_oil,GPA,Headline_Pi,10,-0.199336194541128,0.116465666882491,-0.390905169128116,-0.00776721995413948,140
without_oil,GPA,Headline_Pi,11,-0.1632033288484,0.121751246858141,-0.363466308828878,0.0370596511320776,139
without_oil,GPA,Headline_Pi,12,-0.105478642020661,0.117824785588515,-0.299283167940709,0.0883258838993867,138
without_oil,GPA,Core_Pi,0,0.00426773967590175,0.0154432414026287,-0.0211341319570992,0.0296696113089027,150
without_oil,GPA,Core_Pi,1,-0.0123824190097453,0.0229511994289589,-0.0501337826333549,0.0253689446138643,149
without_oil,GPA,Core_Pi,2,-0.0336733431384093,0.0328751271569038,-0.0877481152789334,0.0204014290021148,148
without_oil,GPA,Core_Pi,3,-0.0329645337108383,0.0429246387073775,-0.10356928137425,0.0376402139525731,147
without_oil,GPA,Core_Pi,4,-0.0658374338690799,0.0545332742074748,-0.155536687738784,0.0238618200006242,146
without_oil,GPA,Core_Pi,5,-0.0859737981900875,0.0627699512298009,-0.189221180133992,0.0172735837538175,145
without_oil,GPA,Core_Pi,6,-0.123372549046992,0.0708681033899699,-0.239940205943156,-0.00680489215082808,144
without_oil,GPA,Core_Pi,7,-0.126309214129742,0.0792744271220218,-0.2567040431059,0.00408561484641567,143
without_oil,GPA,Core_Pi,8,-0.13756569193039,0.0835657974149695,-0.275019196897495,-0.000112186963285521,142
without_oil,GPA,Core_Pi,9,-0.17179190232427,0.0873015460364366,-0.315390166960773,-0.028193637687766,141
without_oil,GPA,Core_Pi,10,-0.178769627183643,0.0924592522912215,-0.33085156366008,-0.0266876907072056,140
without_oil,GPA,Core_Pi,11,-0.176475614788998,0.0960458481381262,-0.334456976452625,-0.0184942531253705,139
without_oil,GPA,Core_Pi,12,-0.16561739252591,0.0932644754284387,-0.319023803200104,-0.0122109818517159,138
without_oil,GPA,Indu_Prod,0,-0.000860319349901685,0.00133547550403758,-0.00305698107642275,0.00133634237661938,150
without_oil,GPA,Indu_Prod,1,-0.00252737179344919,0.00140846552878257,-0.00484409142690333,-0.000210652159995046,149
without_oil,GPA,Indu_Prod,2,-0.00183801281272949,0.00212052388419365,-0.00532596421468263,0.00164993858922365,148
without_oil,GPA,Indu_Prod,3,0.000816977461564472,0.00247453514971643,-0.00325327065446551,0.00488722557759445,147
without_oil,GPA,Indu_Prod,4,-0.000360466532671919,0.00249632729086749,-0.00446655953111325,0.00374562646576941,146
without_oil,GPA,Indu_Prod,5,0.000524446692160574,0.00215128441043873,-0.00301410127295373,0.00406299465727488,145
without_oil,GPA,Indu_Prod,6,0.00125964573215154,0.00198034879090691,-0.00199773815920065,0.00451702962350373,144
without_oil,GPA,Indu_Prod,7,0.00011181066577925,0.00191360621504253,-0.00303579145759033,0.00325941278914883,143
without_oil,GPA,Indu_Prod,8,5.42777537959437e-05,0.00220770107384747,-0.00357706736474673,0.00368562287233861,142
without_oil,GPA,Indu_Prod,9,0.0014479964643777,0.00268440245699544,-0.00296745265320869,0.00586344558196409,141
without_oil,GPA,Indu_Prod,10,0.00167235144020352,0.00285073186538554,-0.00301668520804203,0.00636138808844907,140
without_oil,GPA,Indu_Prod,11,0.00124430403841745,0.00256946418449024,-0.00298208844476322,0.00547069652159812,139
without_oil,GPA,Indu_Prod,12,0.000466868500452439,0.00265111889289939,-0.0038938340260127,0.00482757102691757,138
