quarter,year,qtr,OilThreat,OilAct,ThreatOnly,ActOnly,ThreatAct,AnyOilEvent,OilRealization,StrictSupplyDisruption,ChokepointShippingRisk,EnergySanction,ProducerRegionRisk,OilSpecificShock,OilSpecificRealizedShock,OilSpecificThreatShock,OilThreat_EventOnset,OilAct_EventOnset,OilRealization_EventOnset,OilThreatOnly_EventOnset,OilActOnly_EventOnset,OilThreatAct_EventOnset,AnyOilEvent_EventOnset,OilSpecificShock_EventOnset,OilSpecificRealizedShock_EventOnset,OilSpecificThreatShock_EventOnset,StrictSupplyDisruption_EventOnset,SupplyDisruptionRealized_EventOnset,ChokepointShippingRisk_EventOnset,ChokepointThreatOnly_EventOnset,EnergySanction_EventOnset,ProducerRegionRisk_EventOnset,OilThreat_RisingOnset,OilAct_RisingOnset,AnyOilEvent_RisingOnset,OilSpecificShock_RisingOnset,OilSpecificRealizedShock_RisingOnset,StrictSupplyDisruption_RisingOnset,COVID_2020,COVID_2020_2021,onset_event_names,realized_oil_shock_onset_names,n_events,n_threat_events,n_act_events,n_event_level_ThreatOnly,n_event_level_ActOnly,n_event_level_ThreatAct,quarter_overlap_type,max_oil_relevance,event_ids,event_names,regions,event_types,rationales,source_urls,EventEpisodeOnset,n_AnyOilEvent_EventOnset,n_OilThreat_EventOnset,n_OilAct_EventOnset,n_OilRealization_EventOnset,ThreatOnly_EventOnset,n_ThreatOnly_EventOnset,ActOnly_EventOnset,n_ActOnly_EventOnset,ThreatAct_EventOnset,n_ThreatAct_EventOnset,n_StrictSupplyDisruption_EventOnset,n_ChokepointShippingRisk_EventOnset,n_EnergySanction_EventOnset,n_ProducerRegionRisk_EventOnset,n_OilSpecificShock_EventOnset,n_OilSpecificRealizedShock_EventOnset,n_OilSpecificThreatShock_EventOnset,n_StrictSupplyDisruption,n_ChokepointShippingRisk,n_EnergySanction,n_ProducerRegionRisk,n_OilSpecificRealizedShock,n_OilSpecificThreatShock,OilRealization_RisingOnset,ThreatOnly_RisingOnset,ActOnly_RisingOnset,ThreatAct_RisingOnset,ChokepointShippingRisk_RisingOnset,EnergySanction_RisingOnset,ProducerRegionRisk_RisingOnset,OilSpecificThreatShock_RisingOnset
1986Q1,1986,1,0,0,0,0,0,0,0,0,0,0,0,0,0,0,0,0,0,0,0,0,0,0,0,0,0,0,0,0,0,0,0,0,0,0,0,0,0,0,,,0,0,0,0,0,0,none,,,,,,,,0,0,0,0,0,0,0,0,0,0,0,0,0,0,0,0,0,0,0,0,0,0,0,0,0,0,0,0,0,0,0,0
1986Q2,1986,2,0,0,0,0,0,0,0,0,0,0,0,0,0,0,0,0,0,0,0,0,0,0,0,0,0,0,0,0,0,0,0,0,0,0,0,0,0,0,,,0,0,0,0,0,0,none,,,,,,,,0,0,0,0,0,0,0,0,0,0,0,0,0,0,0,0,0,0,0,0,0,0,0,0,0,0,0,0,0,0,0,0
1986Q3,1986,3,0,0,0,0,0,0,0,0,0,0,0,0,0,0,0,0,0,0,0,0,0,0,0,0,0,0,0,0,0,0,0,0,0,0,0,0,0,0,,,0,0,0,0,0,0,none,,,,,,,,0,0,0,0,0,0,0,0,0,0,0,0,0,0,0,0,0,0,0,0,0,0,0,0,0,0,0,0,0,0,0,0
1986Q4,1986,4,0,0,0,0,0,0,0,0,0,0,0,0,0,0,0,0,0,0,0,0,0,0,0,0,0,0,0,0,0,0,0,0,0,0,0,0,0,0,,,0,0,0,0,0,0,none,,,,,,,,0,0,0,0,0,0,0,0,0,0,0,0,0,0,0,0,0,0,0,0,0,0,0,0,0,0,0,0,0,0,0,0
1987Q1,1987,1,0,0,0,0,0,0,0,0,0,0,0,0,0,0,0,0,0,0,0,0,0,0,0,0,0,0,0,0,0,0,0,0,0,0,0,0,0,0,,,0,0,0,0,0,0,none,,,,,,,,0,0,0,0,0,0,0,0,0,0,0,0,0,0,0,0,0,0,0,0,0,0,0,0,0,0,0,0,0,0,0,0
1987Q2,1987,2,0,0,0,0,0,0,0,0,0,0,0,0,0,0,0,0,0,0,0,0,0,0,0,0,0,0,0,0,0,0,0,0,0,0,0,0,0,0,,,0,0,0,0,0,0,none,,,,,,,,0,0,0,0,0,0,0,0,0,0,0,0,0,0,0,0,0,0,0,0,0,0,0,0,0,0,0,0,0,0,0,0
1987Q3,1987,3,1,1,0,0,1,1,1,0,1,0,1,1,1,1,1,1,1,0,0,1,1,1,1,1,0,0,1,0,0,1,1,1,1,1,1,0,0,0,Tanker War / Operation Earnest Will begins,Tanker War / Operation Earnest Will begins,1,1,1,0,0,1,same_event_or_episode_overlap,high,E001,Tanker War / Operation Earnest Will begins,Persian Gulf,shipping_route_attack_or_protection,Iran-Iraq Tanker War attacks and U.S. escort mission for Kuwaiti oil tankers; oil relevance is via Persian Gulf tanker security rather than measured global production loss.,https://www.gao.gov/assets/nsiad-90-282br.pdf,1,1,1,1,1,0,0,0,0,1,1,0,1,0,1,1,1,1,0,1,0,1,1,1,1,0,0,1,1,0,1,1
1987Q4,1987,4,0,0,0,0,0,0,0,0,0,0,0,0,0,0,0,0,0,0,0,0,0,0,0,0,0,0,0,0,0,0,0,0,0,0,0,0,0,0,,,0,0,0,0,0,0,none,,,,,,,,0,0,0,0,0,0,0,0,0,0,0,0,0,0,0,0,0,0,0,0,0,0,0,0,0,0,0,0,0,0,0,0
1988Q1,1988,1,0,0,0,0,0,0,0,0,0,0,0,0,0,0,0,0,0,0,0,0,0,0,0,0,0,0,0,0,0,0,0,0,0,0,0,0,0,0,,,0,0,0,0,0,0,none,,,,,,,,0,0,0,0,0,0,0,0,0,0,0,0,0,0,0,0,0,0,0,0,0,0,0,0,0,0,0,0,0,0,0,0
1988Q2,1988,2,1,1,0,0,1,1,1,0,1,0,1,1,1,1,1,1,1,0,0,1,1,1,1,1,0,0,1,0,0,1,1,1,1,1,1,0,0,0,U.S.-Iran naval escalation during Tanker War / Operation Praying Mantis context,U.S.-Iran naval escalation during Tanker War / Operation Praying Mantis context,1,1,1,0,0,1,same_event_or_episode_overlap,high,E002,U.S.-Iran naval escalation during Tanker War / Operation Praying Mantis context,Persian Gulf,shipping_route_military_escalation,Escalation of U.S.-Iran naval conflict in the Persian Gulf during the 1987-88 tanker escort episode; oil relevance is shipping/chokepoint security.,https://www.navybook.com/no-higher-honor/timeline/operation-earnest-will/,1,1,1,1,1,0,0,0,0,1,1,0,1,0,1,1,1,1,0,1,0,1,1,1,1,0,0,1,1,0,1,1
1988Q3,1988,3,0,0,0,0,0,0,0,0,0,0,0,0,0,0,0,0,0,0,0,0,0,0,0,0,0,0,0,0,0,0,0,0,0,0,0,0,0,0,,,0,0,0,0,0,0,none,,,,,,,,0,0,0,0,0,0,0,0,0,0,0,0,0,0,0,0,0,0,0,0,0,0,0,0,0,0,0,0,0,0,0,0
1988Q4,1988,4,0,0,0,0,0,0,0,0,0,0,0,0,0,0,0,0,0,0,0,0,0,0,0,0,0,0,0,0,0,0,0,0,0,0,0,0,0,0,,,0,0,0,0,0,0,none,,,,,,,,0,0,0,0,0,0,0,0,0,0,0,0,0,0,0,0,0,0,0,0,0,0,0,0,0,0,0,0,0,0,0,0
1989Q1,1989,1,0,0,0,0,0,0,0,0,0,0,0,0,0,0,0,0,0,0,0,0,0,0,0,0,0,0,0,0,0,0,0,0,0,0,0,0,0,0,,,0,0,0,0,0,0,none,,,,,,,,0,0,0,0,0,0,0,0,0,0,0,0,0,0,0,0,0,0,0,0,0,0,0,0,0,0,0,0,0,0,0,0
1989Q2,1989,2,0,0,0,0,0,0,0,0,0,0,0,0,0,0,0,0,0,0,0,0,0,0,0,0,0,0,0,0,0,0,0,0,0,0,0,0,0,0,,,0,0,0,0,0,0,none,,,,,,,,0,0,0,0,0,0,0,0,0,0,0,0,0,0,0,0,0,0,0,0,0,0,0,0,0,0,0,0,0,0,0,0
1989Q3,1989,3,0,0,0,0,0,0,0,0,0,0,0,0,0,0,0,0,0,0,0,0,0,0,0,0,0,0,0,0,0,0,0,0,0,0,0,0,0,0,,,0,0,0,0,0,0,none,,,,,,,,0,0,0,0,0,0,0,0,0,0,0,0,0,0,0,0,0,0,0,0,0,0,0,0,0,0,0,0,0,0,0,0
1989Q4,1989,4,0,0,0,0,0,0,0,0,0,0,0,0,0,0,0,0,0,0,0,0,0,0,0,0,0,0,0,0,0,0,0,0,0,0,0,0,0,0,,,0,0,0,0,0,0,none,,,,,,,,0,0,0,0,0,0,0,0,0,0,0,0,0,0,0,0,0,0,0,0,0,0,0,0,0,0,0,0,0,0,0,0
1990Q1,1990,1,0,0,0,0,0,0,0,0,0,0,0,0,0,0,0,0,0,0,0,0,0,0,0,0,0,0,0,0,0,0,0,0,0,0,0,0,0,0,,,0,0,0,0,0,0,none,,,,,,,,0,0,0,0,0,0,0,0,0,0,0,0,0,0,0,0,0,0,0,0,0,0,0,0,0,0,0,0,0,0,0,0
1990Q2,1990,2,0,0,0,0,0,0,0,0,0,0,0,0,0,0,0,0,0,0,0,0,0,0,0,0,0,0,0,0,0,0,0,0,0,0,0,0,0,0,,,0,0,0,0,0,0,none,,,,,,,,0,0,0,0,0,0,0,0,0,0,0,0,0,0,0,0,0,0,0,0,0,0,0,0,0,0,0,0,0,0,0,0
1990Q3,1990,3,1,1,0,0,1,1,1,1,1,0,1,1,1,1,1,1,1,0,0,1,1,1,1,1,1,1,1,0,0,1,1,1,1,1,1,1,0,0,Iraq invades Kuwait,Iraq invades Kuwait,1,1,1,0,0,1,same_event_or_episode_overlap,very_high,E003,Iraq invades Kuwait,Persian Gulf,war_begins_supply_disruption,Actual invasion plus continuing Gulf supply risk; EIA says nearly all Kuwait and Iraq production was taken offline after the invasion.,https://www.eia.gov/todayinenergy/detail.php?id=730,1,1,1,1,1,0,0,0,0,1,1,1,1,0,1,1,1,1,1,1,0,1,1,1,1,0,0,1,1,0,1,1
1990Q4,1990,4,0,0,0,0,0,0,0,0,0,0,0,0,0,0,0,0,0,0,0,0,0,0,0,0,0,0,0,0,0,0,0,0,0,0,0,0,0,0,,,0,0,0,0,0,0,none,,,,,,,,0,0,0,0,0,0,0,0,0,0,0,0,0,0,0,0,0,0,0,0,0,0,0,0,0,0,0,0,0,0,0,0
1991Q1,1991,1,1,1,0,0,1,1,1,1,1,0,1,1,1,1,1,1,1,0,0,1,1,1,1,1,1,1,1,0,0,1,1,1,1,1,1,1,0,0,Gulf War / Operation Desert Storm and Kuwait oil disruption episode,Gulf War / Operation Desert Storm and Kuwait oil disruption episode,1,1,1,0,0,1,same_event_or_episode_overlap,very_high,E004,Gulf War / Operation Desert Storm and Kuwait oil disruption episode,Persian Gulf,war_escalation_supply_disruption,Realized war and continuing oil-supply risk following the Kuwait invasion; included as the conflict/action quarter rather than just the initial invasion quarter.,https://aperc.or.jp/file/2010/9/26/Emergency_Oil_Stocks_and_Energy_Security_in_the_APEC_Region_2000.pdf | https://www.eia.gov/todayinenergy/detail.php?id=730,1,1,1,1,1,0,0,0,0,1,1,1,1,0,1,1,1,1,1,1,0,1,1,1,1,0,0,1,1,0,1,1
1991Q2,1991,2,0,0,0,0,0,0,0,0,0,0,0,0,0,0,0,0,0,0,0,0,0,0,0,0,0,0,0,0,0,0,0,0,0,0,0,0,0,0,,,0,0,0,0,0,0,none,,,,,,,,0,0,0,0,0,0,0,0,0,0,0,0,0,0,0,0,0,0,0,0,0,0,0,0,0,0,0,0,0,0,0,0
1991Q3,1991,3,0,0,0,0,0,0,0,0,0,0,0,0,0,0,0,0,0,0,0,0,0,0,0,0,0,0,0,0,0,0,0,0,0,0,0,0,0,0,,,0,0,0,0,0,0,none,,,,,,,,0,0,0,0,0,0,0,0,0,0,0,0,0,0,0,0,0,0,0,0,0,0,0,0,0,0,0,0,0,0,0,0
1991Q4,1991,4,0,0,0,0,0,0,0,0,0,0,0,0,0,0,0,0,0,0,0,0,0,0,0,0,0,0,0,0,0,0,0,0,0,0,0,0,0,0,,,0,0,0,0,0,0,none,,,,,,,,0,0,0,0,0,0,0,0,0,0,0,0,0,0,0,0,0,0,0,0,0,0,0,0,0,0,0,0,0,0,0,0
1992Q1,1992,1,0,0,0,0,0,0,0,0,0,0,0,0,0,0,0,0,0,0,0,0,0,0,0,0,0,0,0,0,0,0,0,0,0,0,0,0,0,0,,,0,0,0,0,0,0,none,,,,,,,,0,0,0,0,0,0,0,0,0,0,0,0,0,0,0,0,0,0,0,0,0,0,0,0,0,0,0,0,0,0,0,0
1992Q2,1992,2,0,0,0,0,0,0,0,0,0,0,0,0,0,0,0,0,0,0,0,0,0,0,0,0,0,0,0,0,0,0,0,0,0,0,0,0,0,0,,,0,0,0,0,0,0,none,,,,,,,,0,0,0,0,0,0,0,0,0,0,0,0,0,0,0,0,0,0,0,0,0,0,0,0,0,0,0,0,0,0,0,0
1992Q3,1992,3,0,0,0,0,0,0,0,0,0,0,0,0,0,0,0,0,0,0,0,0,0,0,0,0,0,0,0,0,0,0,0,0,0,0,0,0,0,0,,,0,0,0,0,0,0,none,,,,,,,,0,0,0,0,0,0,0,0,0,0,0,0,0,0,0,0,0,0,0,0,0,0,0,0,0,0,0,0,0,0,0,0
1992Q4,1992,4,0,0,0,0,0,0,0,0,0,0,0,0,0,0,0,0,0,0,0,0,0,0,0,0,0,0,0,0,0,0,0,0,0,0,0,0,0,0,,,0,0,0,0,0,0,none,,,,,,,,0,0,0,0,0,0,0,0,0,0,0,0,0,0,0,0,0,0,0,0,0,0,0,0,0,0,0,0,0,0,0,0
1993Q1,1993,1,0,0,0,0,0,0,0,0,0,0,0,0,0,0,0,0,0,0,0,0,0,0,0,0,0,0,0,0,0,0,0,0,0,0,0,0,0,0,,,0,0,0,0,0,0,none,,,,,,,,0,0,0,0,0,0,0,0,0,0,0,0,0,0,0,0,0,0,0,0,0,0,0,0,0,0,0,0,0,0,0,0
1993Q2,1993,2,0,0,0,0,0,0,0,0,0,0,0,0,0,0,0,0,0,0,0,0,0,0,0,0,0,0,0,0,0,0,0,0,0,0,0,0,0,0,,,0,0,0,0,0,0,none,,,,,,,,0,0,0,0,0,0,0,0,0,0,0,0,0,0,0,0,0,0,0,0,0,0,0,0,0,0,0,0,0,0,0,0
1993Q3,1993,3,0,0,0,0,0,0,0,0,0,0,0,0,0,0,0,0,0,0,0,0,0,0,0,0,0,0,0,0,0,0,0,0,0,0,0,0,0,0,,,0,0,0,0,0,0,none,,,,,,,,0,0,0,0,0,0,0,0,0,0,0,0,0,0,0,0,0,0,0,0,0,0,0,0,0,0,0,0,0,0,0,0
1993Q4,1993,4,0,0,0,0,0,0,0,0,0,0,0,0,0,0,0,0,0,0,0,0,0,0,0,0,0,0,0,0,0,0,0,0,0,0,0,0,0,0,,,0,0,0,0,0,0,none,,,,,,,,0,0,0,0,0,0,0,0,0,0,0,0,0,0,0,0,0,0,0,0,0,0,0,0,0,0,0,0,0,0,0,0
1994Q1,1994,1,0,0,0,0,0,0,0,0,0,0,0,0,0,0,0,0,0,0,0,0,0,0,0,0,0,0,0,0,0,0,0,0,0,0,0,0,0,0,,,0,0,0,0,0,0,none,,,,,,,,0,0,0,0,0,0,0,0,0,0,0,0,0,0,0,0,0,0,0,0,0,0,0,0,0,0,0,0,0,0,0,0
1994Q2,1994,2,0,0,0,0,0,0,0,0,0,0,0,0,0,0,0,0,0,0,0,0,0,0,0,0,0,0,0,0,0,0,0,0,0,0,0,0,0,0,,,0,0,0,0,0,0,none,,,,,,,,0,0,0,0,0,0,0,0,0,0,0,0,0,0,0,0,0,0,0,0,0,0,0,0,0,0,0,0,0,0,0,0
1994Q3,1994,3,0,0,0,0,0,0,0,0,0,0,0,0,0,0,0,0,0,0,0,0,0,0,0,0,0,0,0,0,0,0,0,0,0,0,0,0,0,0,,,0,0,0,0,0,0,none,,,,,,,,0,0,0,0,0,0,0,0,0,0,0,0,0,0,0,0,0,0,0,0,0,0,0,0,0,0,0,0,0,0,0,0
1994Q4,1994,4,0,0,0,0,0,0,0,0,0,0,0,0,0,0,0,0,0,0,0,0,0,0,0,0,0,0,0,0,0,0,0,0,0,0,0,0,0,0,,,0,0,0,0,0,0,none,,,,,,,,0,0,0,0,0,0,0,0,0,0,0,0,0,0,0,0,0,0,0,0,0,0,0,0,0,0,0,0,0,0,0,0
1995Q1,1995,1,0,0,0,0,0,0,0,0,0,0,0,0,0,0,0,0,0,0,0,0,0,0,0,0,0,0,0,0,0,0,0,0,0,0,0,0,0,0,,,0,0,0,0,0,0,none,,,,,,,,0,0,0,0,0,0,0,0,0,0,0,0,0,0,0,0,0,0,0,0,0,0,0,0,0,0,0,0,0,0,0,0
1995Q2,1995,2,0,0,0,0,0,0,0,0,0,0,0,0,0,0,0,0,0,0,0,0,0,0,0,0,0,0,0,0,0,0,0,0,0,0,0,0,0,0,,,0,0,0,0,0,0,none,,,,,,,,0,0,0,0,0,0,0,0,0,0,0,0,0,0,0,0,0,0,0,0,0,0,0,0,0,0,0,0,0,0,0,0
1995Q3,1995,3,0,0,0,0,0,0,0,0,0,0,0,0,0,0,0,0,0,0,0,0,0,0,0,0,0,0,0,0,0,0,0,0,0,0,0,0,0,0,,,0,0,0,0,0,0,none,,,,,,,,0,0,0,0,0,0,0,0,0,0,0,0,0,0,0,0,0,0,0,0,0,0,0,0,0,0,0,0,0,0,0,0
1995Q4,1995,4,0,0,0,0,0,0,0,0,0,0,0,0,0,0,0,0,0,0,0,0,0,0,0,0,0,0,0,0,0,0,0,0,0,0,0,0,0,0,,,0,0,0,0,0,0,none,,,,,,,,0,0,0,0,0,0,0,0,0,0,0,0,0,0,0,0,0,0,0,0,0,0,0,0,0,0,0,0,0,0,0,0
1996Q1,1996,1,0,0,0,0,0,0,0,0,0,0,0,0,0,0,0,0,0,0,0,0,0,0,0,0,0,0,0,0,0,0,0,0,0,0,0,0,0,0,,,0,0,0,0,0,0,none,,,,,,,,0,0,0,0,0,0,0,0,0,0,0,0,0,0,0,0,0,0,0,0,0,0,0,0,0,0,0,0,0,0,0,0
1996Q2,1996,2,0,0,0,0,0,0,0,0,0,0,0,0,0,0,0,0,0,0,0,0,0,0,0,0,0,0,0,0,0,0,0,0,0,0,0,0,0,0,,,0,0,0,0,0,0,none,,,,,,,,0,0,0,0,0,0,0,0,0,0,0,0,0,0,0,0,0,0,0,0,0,0,0,0,0,0,0,0,0,0,0,0
1996Q3,1996,3,0,0,0,0,0,0,0,0,0,0,0,0,0,0,0,0,0,0,0,0,0,0,0,0,0,0,0,0,0,0,0,0,0,0,0,0,0,0,,,0,0,0,0,0,0,none,,,,,,,,0,0,0,0,0,0,0,0,0,0,0,0,0,0,0,0,0,0,0,0,0,0,0,0,0,0,0,0,0,0,0,0
1996Q4,1996,4,0,0,0,0,0,0,0,0,0,0,0,0,0,0,0,0,0,0,0,0,0,0,0,0,0,0,0,0,0,0,0,0,0,0,0,0,0,0,,,0,0,0,0,0,0,none,,,,,,,,0,0,0,0,0,0,0,0,0,0,0,0,0,0,0,0,0,0,0,0,0,0,0,0,0,0,0,0,0,0,0,0
1997Q1,1997,1,0,0,0,0,0,0,0,0,0,0,0,0,0,0,0,0,0,0,0,0,0,0,0,0,0,0,0,0,0,0,0,0,0,0,0,0,0,0,,,0,0,0,0,0,0,none,,,,,,,,0,0,0,0,0,0,0,0,0,0,0,0,0,0,0,0,0,0,0,0,0,0,0,0,0,0,0,0,0,0,0,0
1997Q2,1997,2,0,0,0,0,0,0,0,0,0,0,0,0,0,0,0,0,0,0,0,0,0,0,0,0,0,0,0,0,0,0,0,0,0,0,0,0,0,0,,,0,0,0,0,0,0,none,,,,,,,,0,0,0,0,0,0,0,0,0,0,0,0,0,0,0,0,0,0,0,0,0,0,0,0,0,0,0,0,0,0,0,0
1997Q3,1997,3,0,0,0,0,0,0,0,0,0,0,0,0,0,0,0,0,0,0,0,0,0,0,0,0,0,0,0,0,0,0,0,0,0,0,0,0,0,0,,,0,0,0,0,0,0,none,,,,,,,,0,0,0,0,0,0,0,0,0,0,0,0,0,0,0,0,0,0,0,0,0,0,0,0,0,0,0,0,0,0,0,0
1997Q4,1997,4,0,0,0,0,0,0,0,0,0,0,0,0,0,0,0,0,0,0,0,0,0,0,0,0,0,0,0,0,0,0,0,0,0,0,0,0,0,0,,,0,0,0,0,0,0,none,,,,,,,,0,0,0,0,0,0,0,0,0,0,0,0,0,0,0,0,0,0,0,0,0,0,0,0,0,0,0,0,0,0,0,0
1998Q1,1998,1,0,0,0,0,0,0,0,0,0,0,0,0,0,0,0,0,0,0,0,0,0,0,0,0,0,0,0,0,0,0,0,0,0,0,0,0,0,0,,,0,0,0,0,0,0,none,,,,,,,,0,0,0,0,0,0,0,0,0,0,0,0,0,0,0,0,0,0,0,0,0,0,0,0,0,0,0,0,0,0,0,0
1998Q2,1998,2,0,0,0,0,0,0,0,0,0,0,0,0,0,0,0,0,0,0,0,0,0,0,0,0,0,0,0,0,0,0,0,0,0,0,0,0,0,0,,,0,0,0,0,0,0,none,,,,,,,,0,0,0,0,0,0,0,0,0,0,0,0,0,0,0,0,0,0,0,0,0,0,0,0,0,0,0,0,0,0,0,0
1998Q3,1998,3,0,0,0,0,0,0,0,0,0,0,0,0,0,0,0,0,0,0,0,0,0,0,0,0,0,0,0,0,0,0,0,0,0,0,0,0,0,0,,,0,0,0,0,0,0,none,,,,,,,,0,0,0,0,0,0,0,0,0,0,0,0,0,0,0,0,0,0,0,0,0,0,0,0,0,0,0,0,0,0,0,0
1998Q4,1998,4,0,0,0,0,0,0,0,0,0,0,0,0,0,0,0,0,0,0,0,0,0,0,0,0,0,0,0,0,0,0,0,0,0,0,0,0,0,0,,,0,0,0,0,0,0,none,,,,,,,,0,0,0,0,0,0,0,0,0,0,0,0,0,0,0,0,0,0,0,0,0,0,0,0,0,0,0,0,0,0,0,0
1999Q1,1999,1,0,0,0,0,0,0,0,0,0,0,0,0,0,0,0,0,0,0,0,0,0,0,0,0,0,0,0,0,0,0,0,0,0,0,0,0,0,0,,,0,0,0,0,0,0,none,,,,,,,,0,0,0,0,0,0,0,0,0,0,0,0,0,0,0,0,0,0,0,0,0,0,0,0,0,0,0,0,0,0,0,0
1999Q2,1999,2,0,0,0,0,0,0,0,0,0,0,0,0,0,0,0,0,0,0,0,0,0,0,0,0,0,0,0,0,0,0,0,0,0,0,0,0,0,0,,,0,0,0,0,0,0,none,,,,,,,,0,0,0,0,0,0,0,0,0,0,0,0,0,0,0,0,0,0,0,0,0,0,0,0,0,0,0,0,0,0,0,0
1999Q3,1999,3,0,0,0,0,0,0,0,0,0,0,0,0,0,0,0,0,0,0,0,0,0,0,0,0,0,0,0,0,0,0,0,0,0,0,0,0,0,0,,,0,0,0,0,0,0,none,,,,,,,,0,0,0,0,0,0,0,0,0,0,0,0,0,0,0,0,0,0,0,0,0,0,0,0,0,0,0,0,0,0,0,0
1999Q4,1999,4,0,0,0,0,0,0,0,0,0,0,0,0,0,0,0,0,0,0,0,0,0,0,0,0,0,0,0,0,0,0,0,0,0,0,0,0,0,0,,,0,0,0,0,0,0,none,,,,,,,,0,0,0,0,0,0,0,0,0,0,0,0,0,0,0,0,0,0,0,0,0,0,0,0,0,0,0,0,0,0,0,0
2000Q1,2000,1,0,0,0,0,0,0,0,0,0,0,0,0,0,0,0,0,0,0,0,0,0,0,0,0,0,0,0,0,0,0,0,0,0,0,0,0,0,0,,,0,0,0,0,0,0,none,,,,,,,,0,0,0,0,0,0,0,0,0,0,0,0,0,0,0,0,0,0,0,0,0,0,0,0,0,0,0,0,0,0,0,0
2000Q2,2000,2,0,0,0,0,0,0,0,0,0,0,0,0,0,0,0,0,0,0,0,0,0,0,0,0,0,0,0,0,0,0,0,0,0,0,0,0,0,0,,,0,0,0,0,0,0,none,,,,,,,,0,0,0,0,0,0,0,0,0,0,0,0,0,0,0,0,0,0,0,0,0,0,0,0,0,0,0,0,0,0,0,0
2000Q3,2000,3,0,0,0,0,0,0,0,0,0,0,0,0,0,0,0,0,0,0,0,0,0,0,0,0,0,0,0,0,0,0,0,0,0,0,0,0,0,0,,,0,0,0,0,0,0,none,,,,,,,,0,0,0,0,0,0,0,0,0,0,0,0,0,0,0,0,0,0,0,0,0,0,0,0,0,0,0,0,0,0,0,0
2000Q4,2000,4,0,0,0,0,0,0,0,0,0,0,0,0,0,0,0,0,0,0,0,0,0,0,0,0,0,0,0,0,0,0,0,0,0,0,0,0,0,0,,,0,0,0,0,0,0,none,,,,,,,,0,0,0,0,0,0,0,0,0,0,0,0,0,0,0,0,0,0,0,0,0,0,0,0,0,0,0,0,0,0,0,0
2001Q1,2001,1,0,0,0,0,0,0,0,0,0,0,0,0,0,0,0,0,0,0,0,0,0,0,0,0,0,0,0,0,0,0,0,0,0,0,0,0,0,0,,,0,0,0,0,0,0,none,,,,,,,,0,0,0,0,0,0,0,0,0,0,0,0,0,0,0,0,0,0,0,0,0,0,0,0,0,0,0,0,0,0,0,0
2001Q2,2001,2,0,0,0,0,0,0,0,0,0,0,0,0,0,0,0,0,0,0,0,0,0,0,0,0,0,0,0,0,0,0,0,0,0,0,0,0,0,0,,,0,0,0,0,0,0,none,,,,,,,,0,0,0,0,0,0,0,0,0,0,0,0,0,0,0,0,0,0,0,0,0,0,0,0,0,0,0,0,0,0,0,0
2001Q3,2001,3,1,1,0,0,1,1,1,0,0,0,0,0,0,0,1,1,1,0,0,1,1,0,0,0,0,0,0,0,0,0,1,1,1,0,0,0,0,0,9/11 terrorist attacks,,1,1,1,0,0,1,same_event_or_episode_overlap,medium_mixed,E005,9/11 terrorist attacks,United States / global,terrorist_act_broad_gpr,GPA terrorist act and continuing GPT risk; oil relevance is mixed because ECB notes an initial Brent increase followed by a demand-concern decline.,https://www.ecb.europa.eu/press/economic-bulletin/focus/2024/html/ecb.ebbox202308_02~ed883ebf56.en.html,1,1,1,1,1,0,0,0,0,1,1,0,0,0,0,0,0,0,0,0,0,0,0,0,1,0,0,1,0,0,0,0
2001Q4,2001,4,0,0,0,0,0,0,0,0,0,0,0,0,0,0,0,0,0,0,0,0,0,0,0,0,0,0,0,0,0,0,0,0,0,0,0,0,0,0,,,0,0,0,0,0,0,none,,,,,,,,0,0,0,0,0,0,0,0,0,0,0,0,0,0,0,0,0,0,0,0,0,0,0,0,0,0,0,0,0,0,0,0
2002Q1,2002,1,0,0,0,0,0,0,0,0,0,0,0,0,0,0,0,0,0,0,0,0,0,0,0,0,0,0,0,0,0,0,0,0,0,0,0,0,0,0,,,0,0,0,0,0,0,none,,,,,,,,0,0,0,0,0,0,0,0,0,0,0,0,0,0,0,0,0,0,0,0,0,0,0,0,0,0,0,0,0,0,0,0
2002Q2,2002,2,0,0,0,0,0,0,0,0,0,0,0,0,0,0,0,0,0,0,0,0,0,0,0,0,0,0,0,0,0,0,0,0,0,0,0,0,0,0,,,0,0,0,0,0,0,none,,,,,,,,0,0,0,0,0,0,0,0,0,0,0,0,0,0,0,0,0,0,0,0,0,0,0,0,0,0,0,0,0,0,0,0
2002Q3,2002,3,0,0,0,0,0,0,0,0,0,0,0,0,0,0,0,0,0,0,0,0,0,0,0,0,0,0,0,0,0,0,0,0,0,0,0,0,0,0,,,0,0,0,0,0,0,none,,,,,,,,0,0,0,0,0,0,0,0,0,0,0,0,0,0,0,0,0,0,0,0,0,0,0,0,0,0,0,0,0,0,0,0
2002Q4,2002,4,1,1,0,0,1,1,1,1,1,0,1,1,1,1,1,1,1,1,1,0,1,1,1,1,1,1,1,1,0,1,1,1,1,1,1,1,0,0,Venezuela PDVSA general strike begins | Iraq War buildup and Gulf supply-risk premium,Venezuela PDVSA general strike begins,2,1,1,1,1,0,mixed_events_same_quarter,high,E006 | E007,Venezuela PDVSA general strike begins | Iraq War buildup and Gulf supply-risk premium,Venezuela | Persian Gulf / Iraq,political_strike_supply_disruption | war_buildup_threat,Realized disruption in a major oil producer; Hamilton reports 2.1 mb/d of Venezuelan production was eliminated in Dec 2002-Jan 2003. | Threat-only quarter: military buildup and expected Iraq/Gulf supply risk before the U.S.-led invasion.,https://econweb.ucsd.edu/~jhamilton/oil_history.pdf | https://www.eia.gov/international/analysis/country/ven/background | https://econweb.ucsd.edu/~jhamilton/oil_history.pdf | https://www.eia.gov/outlooks/steo/archives/apr03.pdf,1,2,1,1,1,1,1,1,1,0,0,1,1,0,2,2,1,1,1,1,0,2,1,1,1,0,0,1,1,0,1,1
2003Q1,2003,1,1,1,0,0,1,1,1,1,1,0,1,1,1,1,1,1,1,0,0,1,1,1,1,1,1,1,1,0,0,1,0,0,0,0,0,0,0,0,U.S.-led Iraq War begins,U.S.-led Iraq War begins,2,1,2,0,1,1,same_event_or_episode_overlap,high,E008 | E009,Venezuela PDVSA strike continues | U.S.-led Iraq War begins,Venezuela | Persian Gulf / Iraq,political_strike_supply_disruption | war_begins_supply_risk,Continuation of the realized Venezuelan production disruption into Jan 2003. | Realized beginning of war plus continuing future supply/security risk.,https://econweb.ucsd.edu/~jhamilton/oil_history.pdf | https://econweb.ucsd.edu/~jhamilton/oil_history.pdf | https://www.eia.gov/outlooks/steo/archives/apr03.pdf,1,1,1,1,1,0,0,0,0,1,1,1,1,0,1,1,1,1,2,1,0,2,2,1,0,0,0,0,0,0,0,0
2003Q2,2003,2,1,1,0,0,1,1,1,1,1,0,1,1,1,1,0,0,0,0,0,0,0,0,0,0,0,0,0,0,0,0,0,0,0,0,0,0,0,0,,,1,1,1,0,0,1,same_event_or_episode_overlap,high,E010,Iraq War production disruption continues,Persian Gulf / Iraq,war_supply_disruption_continuation,Hamilton reports the U.S. attack on Iraq removed an additional 2.2 mb/d over April-July 2003.,https://econweb.ucsd.edu/~jhamilton/oil_history.pdf,0,0,0,0,0,0,0,0,0,0,0,0,0,0,0,0,0,0,1,1,0,1,1,1,0,0,0,0,0,0,0,0
2003Q3,2003,3,0,0,0,0,0,0,0,0,0,0,0,0,0,0,0,0,0,0,0,0,0,0,0,0,0,0,0,0,0,0,0,0,0,0,0,0,0,0,,,0,0,0,0,0,0,none,,,,,,,,0,0,0,0,0,0,0,0,0,0,0,0,0,0,0,0,0,0,0,0,0,0,0,0,0,0,0,0,0,0,0,0
2003Q4,2003,4,0,0,0,0,0,0,0,0,0,0,0,0,0,0,0,0,0,0,0,0,0,0,0,0,0,0,0,0,0,0,0,0,0,0,0,0,0,0,,,0,0,0,0,0,0,none,,,,,,,,0,0,0,0,0,0,0,0,0,0,0,0,0,0,0,0,0,0,0,0,0,0,0,0,0,0,0,0,0,0,0,0
2004Q1,2004,1,0,0,0,0,0,0,0,0,0,0,0,0,0,0,0,0,0,0,0,0,0,0,0,0,0,0,0,0,0,0,0,0,0,0,0,0,0,0,,,0,0,0,0,0,0,none,,,,,,,,0,0,0,0,0,0,0,0,0,0,0,0,0,0,0,0,0,0,0,0,0,0,0,0,0,0,0,0,0,0,0,0
2004Q2,2004,2,0,0,0,0,0,0,0,0,0,0,0,0,0,0,0,0,0,0,0,0,0,0,0,0,0,0,0,0,0,0,0,0,0,0,0,0,0,0,,,0,0,0,0,0,0,none,,,,,,,,0,0,0,0,0,0,0,0,0,0,0,0,0,0,0,0,0,0,0,0,0,0,0,0,0,0,0,0,0,0,0,0
2004Q3,2004,3,0,0,0,0,0,0,0,0,0,0,0,0,0,0,0,0,0,0,0,0,0,0,0,0,0,0,0,0,0,0,0,0,0,0,0,0,0,0,,,0,0,0,0,0,0,none,,,,,,,,0,0,0,0,0,0,0,0,0,0,0,0,0,0,0,0,0,0,0,0,0,0,0,0,0,0,0,0,0,0,0,0
2004Q4,2004,4,0,0,0,0,0,0,0,0,0,0,0,0,0,0,0,0,0,0,0,0,0,0,0,0,0,0,0,0,0,0,0,0,0,0,0,0,0,0,,,0,0,0,0,0,0,none,,,,,,,,0,0,0,0,0,0,0,0,0,0,0,0,0,0,0,0,0,0,0,0,0,0,0,0,0,0,0,0,0,0,0,0
2005Q1,2005,1,0,0,0,0,0,0,0,0,0,0,0,0,0,0,0,0,0,0,0,0,0,0,0,0,0,0,0,0,0,0,0,0,0,0,0,0,0,0,,,0,0,0,0,0,0,none,,,,,,,,0,0,0,0,0,0,0,0,0,0,0,0,0,0,0,0,0,0,0,0,0,0,0,0,0,0,0,0,0,0,0,0
2005Q2,2005,2,0,0,0,0,0,0,0,0,0,0,0,0,0,0,0,0,0,0,0,0,0,0,0,0,0,0,0,0,0,0,0,0,0,0,0,0,0,0,,,0,0,0,0,0,0,none,,,,,,,,0,0,0,0,0,0,0,0,0,0,0,0,0,0,0,0,0,0,0,0,0,0,0,0,0,0,0,0,0,0,0,0
2005Q3,2005,3,0,0,0,0,0,0,0,0,0,0,0,0,0,0,0,0,0,0,0,0,0,0,0,0,0,0,0,0,0,0,0,0,0,0,0,0,0,0,,,0,0,0,0,0,0,none,,,,,,,,0,0,0,0,0,0,0,0,0,0,0,0,0,0,0,0,0,0,0,0,0,0,0,0,0,0,0,0,0,0,0,0
2005Q4,2005,4,0,0,0,0,0,0,0,0,0,0,0,0,0,0,0,0,0,0,0,0,0,0,0,0,0,0,0,0,0,0,0,0,0,0,0,0,0,0,,,0,0,0,0,0,0,none,,,,,,,,0,0,0,0,0,0,0,0,0,0,0,0,0,0,0,0,0,0,0,0,0,0,0,0,0,0,0,0,0,0,0,0
2006Q1,2006,1,0,0,0,0,0,0,0,0,0,0,0,0,0,0,0,0,0,0,0,0,0,0,0,0,0,0,0,0,0,0,0,0,0,0,0,0,0,0,,,0,0,0,0,0,0,none,,,,,,,,0,0,0,0,0,0,0,0,0,0,0,0,0,0,0,0,0,0,0,0,0,0,0,0,0,0,0,0,0,0,0,0
2006Q2,2006,2,0,0,0,0,0,0,0,0,0,0,0,0,0,0,0,0,0,0,0,0,0,0,0,0,0,0,0,0,0,0,0,0,0,0,0,0,0,0,,,0,0,0,0,0,0,none,,,,,,,,0,0,0,0,0,0,0,0,0,0,0,0,0,0,0,0,0,0,0,0,0,0,0,0,0,0,0,0,0,0,0,0
2006Q3,2006,3,0,0,0,0,0,0,0,0,0,0,0,0,0,0,0,0,0,0,0,0,0,0,0,0,0,0,0,0,0,0,0,0,0,0,0,0,0,0,,,0,0,0,0,0,0,none,,,,,,,,0,0,0,0,0,0,0,0,0,0,0,0,0,0,0,0,0,0,0,0,0,0,0,0,0,0,0,0,0,0,0,0
2006Q4,2006,4,0,0,0,0,0,0,0,0,0,0,0,0,0,0,0,0,0,0,0,0,0,0,0,0,0,0,0,0,0,0,0,0,0,0,0,0,0,0,,,0,0,0,0,0,0,none,,,,,,,,0,0,0,0,0,0,0,0,0,0,0,0,0,0,0,0,0,0,0,0,0,0,0,0,0,0,0,0,0,0,0,0
2007Q1,2007,1,0,0,0,0,0,0,0,0,0,0,0,0,0,0,0,0,0,0,0,0,0,0,0,0,0,0,0,0,0,0,0,0,0,0,0,0,0,0,,,0,0,0,0,0,0,none,,,,,,,,0,0,0,0,0,0,0,0,0,0,0,0,0,0,0,0,0,0,0,0,0,0,0,0,0,0,0,0,0,0,0,0
2007Q2,2007,2,0,0,0,0,0,0,0,0,0,0,0,0,0,0,0,0,0,0,0,0,0,0,0,0,0,0,0,0,0,0,0,0,0,0,0,0,0,0,,,0,0,0,0,0,0,none,,,,,,,,0,0,0,0,0,0,0,0,0,0,0,0,0,0,0,0,0,0,0,0,0,0,0,0,0,0,0,0,0,0,0,0
2007Q3,2007,3,0,0,0,0,0,0,0,0,0,0,0,0,0,0,0,0,0,0,0,0,0,0,0,0,0,0,0,0,0,0,0,0,0,0,0,0,0,0,,,0,0,0,0,0,0,none,,,,,,,,0,0,0,0,0,0,0,0,0,0,0,0,0,0,0,0,0,0,0,0,0,0,0,0,0,0,0,0,0,0,0,0
2007Q4,2007,4,0,0,0,0,0,0,0,0,0,0,0,0,0,0,0,0,0,0,0,0,0,0,0,0,0,0,0,0,0,0,0,0,0,0,0,0,0,0,,,0,0,0,0,0,0,none,,,,,,,,0,0,0,0,0,0,0,0,0,0,0,0,0,0,0,0,0,0,0,0,0,0,0,0,0,0,0,0,0,0,0,0
2008Q1,2008,1,0,0,0,0,0,0,0,0,0,0,0,0,0,0,0,0,0,0,0,0,0,0,0,0,0,0,0,0,0,0,0,0,0,0,0,0,0,0,,,0,0,0,0,0,0,none,,,,,,,,0,0,0,0,0,0,0,0,0,0,0,0,0,0,0,0,0,0,0,0,0,0,0,0,0,0,0,0,0,0,0,0
2008Q2,2008,2,0,0,0,0,0,0,0,0,0,0,0,0,0,0,0,0,0,0,0,0,0,0,0,0,0,0,0,0,0,0,0,0,0,0,0,0,0,0,,,0,0,0,0,0,0,none,,,,,,,,0,0,0,0,0,0,0,0,0,0,0,0,0,0,0,0,0,0,0,0,0,0,0,0,0,0,0,0,0,0,0,0
2008Q3,2008,3,0,0,0,0,0,0,0,0,0,0,0,0,0,0,0,0,0,0,0,0,0,0,0,0,0,0,0,0,0,0,0,0,0,0,0,0,0,0,,,0,0,0,0,0,0,none,,,,,,,,0,0,0,0,0,0,0,0,0,0,0,0,0,0,0,0,0,0,0,0,0,0,0,0,0,0,0,0,0,0,0,0
2008Q4,2008,4,0,0,0,0,0,0,0,0,0,0,0,0,0,0,0,0,0,0,0,0,0,0,0,0,0,0,0,0,0,0,0,0,0,0,0,0,0,0,,,0,0,0,0,0,0,none,,,,,,,,0,0,0,0,0,0,0,0,0,0,0,0,0,0,0,0,0,0,0,0,0,0,0,0,0,0,0,0,0,0,0,0
2009Q1,2009,1,0,0,0,0,0,0,0,0,0,0,0,0,0,0,0,0,0,0,0,0,0,0,0,0,0,0,0,0,0,0,0,0,0,0,0,0,0,0,,,0,0,0,0,0,0,none,,,,,,,,0,0,0,0,0,0,0,0,0,0,0,0,0,0,0,0,0,0,0,0,0,0,0,0,0,0,0,0,0,0,0,0
2009Q2,2009,2,0,0,0,0,0,0,0,0,0,0,0,0,0,0,0,0,0,0,0,0,0,0,0,0,0,0,0,0,0,0,0,0,0,0,0,0,0,0,,,0,0,0,0,0,0,none,,,,,,,,0,0,0,0,0,0,0,0,0,0,0,0,0,0,0,0,0,0,0,0,0,0,0,0,0,0,0,0,0,0,0,0
2009Q3,2009,3,0,0,0,0,0,0,0,0,0,0,0,0,0,0,0,0,0,0,0,0,0,0,0,0,0,0,0,0,0,0,0,0,0,0,0,0,0,0,,,0,0,0,0,0,0,none,,,,,,,,0,0,0,0,0,0,0,0,0,0,0,0,0,0,0,0,0,0,0,0,0,0,0,0,0,0,0,0,0,0,0,0
2009Q4,2009,4,0,0,0,0,0,0,0,0,0,0,0,0,0,0,0,0,0,0,0,0,0,0,0,0,0,0,0,0,0,0,0,0,0,0,0,0,0,0,,,0,0,0,0,0,0,none,,,,,,,,0,0,0,0,0,0,0,0,0,0,0,0,0,0,0,0,0,0,0,0,0,0,0,0,0,0,0,0,0,0,0,0
2010Q1,2010,1,0,0,0,0,0,0,0,0,0,0,0,0,0,0,0,0,0,0,0,0,0,0,0,0,0,0,0,0,0,0,0,0,0,0,0,0,0,0,,,0,0,0,0,0,0,none,,,,,,,,0,0,0,0,0,0,0,0,0,0,0,0,0,0,0,0,0,0,0,0,0,0,0,0,0,0,0,0,0,0,0,0
2010Q2,2010,2,0,0,0,0,0,0,0,0,0,0,0,0,0,0,0,0,0,0,0,0,0,0,0,0,0,0,0,0,0,0,0,0,0,0,0,0,0,0,,,0,0,0,0,0,0,none,,,,,,,,0,0,0,0,0,0,0,0,0,0,0,0,0,0,0,0,0,0,0,0,0,0,0,0,0,0,0,0,0,0,0,0
2010Q3,2010,3,0,0,0,0,0,0,0,0,0,0,0,0,0,0,0,0,0,0,0,0,0,0,0,0,0,0,0,0,0,0,0,0,0,0,0,0,0,0,,,0,0,0,0,0,0,none,,,,,,,,0,0,0,0,0,0,0,0,0,0,0,0,0,0,0,0,0,0,0,0,0,0,0,0,0,0,0,0,0,0,0,0
2010Q4,2010,4,0,0,0,0,0,0,0,0,0,0,0,0,0,0,0,0,0,0,0,0,0,0,0,0,0,0,0,0,0,0,0,0,0,0,0,0,0,0,,,0,0,0,0,0,0,none,,,,,,,,0,0,0,0,0,0,0,0,0,0,0,0,0,0,0,0,0,0,0,0,0,0,0,0,0,0,0,0,0,0,0,0
2011Q1,2011,1,1,1,0,0,1,1,1,1,0,0,1,1,1,1,1,1,1,0,0,1,1,1,1,1,1,1,0,0,0,1,1,1,1,1,1,1,0,0,Libya civil unrest / civil war disrupts oil production,Libya civil unrest / civil war disrupts oil production,1,1,1,0,0,1,same_event_or_episode_overlap,very_high,E011,Libya civil unrest / civil war disrupts oil production,Libya,civil_war_supply_disruption,Realized conflict plus continuing risk; EIA reports Libyan oil/gas production fell an estimated 60-90 percent after unrest began.,https://www.eia.gov/todayinenergy/detail.php?id=390,1,1,1,1,1,0,0,0,0,1,1,1,0,0,1,1,1,1,1,0,0,1,1,1,1,0,0,1,0,0,1,1
2011Q2,2011,2,0,0,0,0,0,0,0,0,0,0,0,0,0,0,0,0,0,0,0,0,0,0,0,0,0,0,0,0,0,0,0,0,0,0,0,0,0,0,,,0,0,0,0,0,0,none,,,,,,,,0,0,0,0,0,0,0,0,0,0,0,0,0,0,0,0,0,0,0,0,0,0,0,0,0,0,0,0,0,0,0,0
2011Q3,2011,3,0,0,0,0,0,0,0,0,0,0,0,0,0,0,0,0,0,0,0,0,0,0,0,0,0,0,0,0,0,0,0,0,0,0,0,0,0,0,,,0,0,0,0,0,0,none,,,,,,,,0,0,0,0,0,0,0,0,0,0,0,0,0,0,0,0,0,0,0,0,0,0,0,0,0,0,0,0,0,0,0,0
2011Q4,2011,4,1,0,1,0,0,1,0,0,1,1,1,1,0,1,1,0,0,1,0,0,1,1,0,1,0,0,1,1,1,1,1,0,1,1,0,0,0,0,Iran threatens Strait of Hormuz amid oil-sanctions escalation,,1,1,0,1,0,0,threat_only,very_high,E012,Iran threatens Strait of Hormuz amid oil-sanctions escalation,Iran / Strait of Hormuz,chokepoint_threat_sanctions_threat,Threat-only: Iranian officials threatened to close Hormuz if sanctions were imposed on Iran's oil exports.,https://www.everycrsreport.com/reports/R42335.html,1,1,1,0,0,1,1,0,0,0,0,0,1,1,1,1,0,1,0,1,1,1,0,1,0,1,0,0,1,1,1,1
2012Q1,2012,1,1,0,1,0,0,1,0,0,1,1,1,1,0,1,0,0,0,0,0,0,0,0,0,0,0,0,0,0,0,0,0,0,0,0,0,0,0,0,,,1,1,0,1,0,0,threat_only,very_high,E013,Hormuz closure threat and naval tension continues,Iran / Strait of Hormuz,chokepoint_threat_sanctions_threat,Threat-only continuation of December 2011-January 2012 Hormuz closure threats and naval escalation risk.,https://www.everycrsreport.com/reports/R42335.html,0,0,0,0,0,0,0,0,0,0,0,0,0,0,0,0,0,0,0,1,1,1,0,1,0,0,0,0,0,0,0,0
2012Q2,2012,2,0,0,0,0,0,0,0,0,0,0,0,0,0,0,0,0,0,0,0,0,0,0,0,0,0,0,0,0,0,0,0,0,0,0,0,0,0,0,,,0,0,0,0,0,0,none,,,,,,,,0,0,0,0,0,0,0,0,0,0,0,0,0,0,0,0,0,0,0,0,0,0,0,0,0,0,0,0,0,0,0,0
2012Q3,2012,3,0,1,0,1,0,1,1,1,0,1,1,1,1,0,0,1,1,0,1,0,1,1,1,0,1,1,0,0,1,1,0,1,1,1,1,1,0,0,EU embargo and tightened sanctions on Iranian oil implemented,EU embargo and tightened sanctions on Iranian oil implemented,1,0,1,0,1,0,act_only,high,E014,EU embargo and tightened sanctions on Iranian oil implemented,Iran,energy_sanctions_implemented,Act-only by narrative rule: sanctions implementation; EIA says sanctions in late 2011 and mid-2012 sharply reduced Iranian production/exports.,https://www.eia.gov/todayinenergy/detail.php?id=11011,1,1,0,1,1,0,0,1,1,0,0,1,0,1,1,1,1,0,1,0,1,1,1,0,1,0,1,0,0,1,1,0
2012Q4,2012,4,0,0,0,0,0,0,0,0,0,0,0,0,0,0,0,0,0,0,0,0,0,0,0,0,0,0,0,0,0,0,0,0,0,0,0,0,0,0,,,0,0,0,0,0,0,none,,,,,,,,0,0,0,0,0,0,0,0,0,0,0,0,0,0,0,0,0,0,0,0,0,0,0,0,0,0,0,0,0,0,0,0
2013Q1,2013,1,0,0,0,0,0,0,0,0,0,0,0,0,0,0,0,0,0,0,0,0,0,0,0,0,0,0,0,0,0,0,0,0,0,0,0,0,0,0,,,0,0,0,0,0,0,none,,,,,,,,0,0,0,0,0,0,0,0,0,0,0,0,0,0,0,0,0,0,0,0,0,0,0,0,0,0,0,0,0,0,0,0
2013Q2,2013,2,0,0,0,0,0,0,0,0,0,0,0,0,0,0,0,0,0,0,0,0,0,0,0,0,0,0,0,0,0,0,0,0,0,0,0,0,0,0,,,0,0,0,0,0,0,none,,,,,,,,0,0,0,0,0,0,0,0,0,0,0,0,0,0,0,0,0,0,0,0,0,0,0,0,0,0,0,0,0,0,0,0
2013Q3,2013,3,1,1,0,0,1,1,1,1,0,0,1,1,1,1,1,1,1,0,0,1,1,1,1,1,1,1,0,0,0,1,1,1,1,1,1,1,0,0,Libya oil-port strikes and export blockades,Libya oil-port strikes and export blockades,1,1,1,0,0,1,same_event_or_episode_overlap,high,E015,Libya oil-port strikes and export blockades,Libya,port_blockade_supply_disruption,EIA reports prolonged strikes at Libyan loading ports from late July removed more than 1 million b/d from the global market.,https://www.eia.gov/todayinenergy/detail.php?id=13951,1,1,1,1,1,0,0,0,0,1,1,1,0,0,1,1,1,1,1,0,0,1,1,1,1,0,0,1,0,0,1,1
2013Q4,2013,4,1,1,0,0,1,1,1,1,0,0,1,1,1,1,0,0,0,0,0,0,0,0,0,0,0,0,0,0,0,0,0,0,0,0,0,0,0,0,,,1,1,1,0,0,1,same_event_or_episode_overlap,high,E016,Libya port blockades and crude outages continue,Libya,port_blockade_supply_disruption_continuation,Continuation of Libyan port blockade/outage episode that EIA links to Brent market tightness.,https://www.eia.gov/todayinenergy/detail.php?id=13951,0,0,0,0,0,0,0,0,0,0,0,0,0,0,0,0,0,0,1,0,0,1,1,1,0,0,0,0,0,0,0,0
2014Q1,2014,1,1,1,0,0,1,1,1,0,0,1,1,1,1,1,1,1,1,0,0,1,1,1,1,1,0,0,0,0,1,1,0,0,0,0,0,0,0,0,Russia annexes Crimea / Russia energy-sanctions risk,Russia annexes Crimea / Russia energy-sanctions risk,1,1,1,0,0,1,same_event_or_episode_overlap,medium,E017,Russia annexes Crimea / Russia energy-sanctions risk,Russia / Ukraine / Europe,annexation_energy_sanctions_risk,Realized annexation plus sanctions/energy-security threat; oil relevance is medium because 2014 sanctions were energy-sector related but did not create a clean immediate crude supply outage.,https://www.europarl.europa.eu/thinktank/en/document/EXPO-AFET_SP%282014%29522338 | https://www.state.gov/division-for-counter-threat-finance-and-sanctions/ukraine-and-russia-sanctions,1,1,1,1,1,0,0,0,0,1,1,0,0,1,1,1,1,1,0,0,1,1,1,1,0,0,0,0,0,1,0,0
2014Q2,2014,2,1,1,0,0,1,1,1,0,0,0,1,1,0,1,1,1,1,0,0,1,1,1,0,1,0,0,0,0,0,1,0,0,0,0,0,0,0,0,ISIS offensive in Iraq / Mosul and Iraqi oil-supply concerns,,1,1,1,0,0,1,same_event_or_episode_overlap,medium_high,E018,ISIS offensive in Iraq / Mosul and Iraqi oil-supply concerns,Iraq,war_escalation_supply_threat,Actual insurgent advance plus supply threat; EIA says 2014 crude prices peaked in June primarily because of internal conflict in Iraq and concerns over Iraqi production disruption.,https://www.eia.gov/finance/review/annual/,1,1,1,1,1,0,0,0,0,1,1,0,0,0,1,1,0,1,0,0,0,1,0,1,0,0,0,0,0,0,0,0
2014Q3,2014,3,0,0,0,0,0,0,0,0,0,0,0,0,0,0,0,0,0,0,0,0,0,0,0,0,0,0,0,0,0,0,0,0,0,0,0,0,0,0,,,0,0,0,0,0,0,none,,,,,,,,0,0,0,0,0,0,0,0,0,0,0,0,0,0,0,0,0,0,0,0,0,0,0,0,0,0,0,0,0,0,0,0
2014Q4,2014,4,0,0,0,0,0,0,0,0,0,0,0,0,0,0,0,0,0,0,0,0,0,0,0,0,0,0,0,0,0,0,0,0,0,0,0,0,0,0,,,0,0,0,0,0,0,none,,,,,,,,0,0,0,0,0,0,0,0,0,0,0,0,0,0,0,0,0,0,0,0,0,0,0,0,0,0,0,0,0,0,0,0
2015Q1,2015,1,1,1,0,0,1,1,1,1,1,0,1,1,1,1,1,1,1,0,0,1,1,1,1,1,1,1,1,0,0,1,1,1,1,1,1,1,0,0,Yemen civil war and Saudi-led intervention / Bab el-Mandeb risk,Yemen civil war and Saudi-led intervention / Bab el-Mandeb risk,1,1,1,0,0,1,same_event_or_episode_overlap,medium_high,E019,Yemen civil war and Saudi-led intervention / Bab el-Mandeb risk,Yemen / Bab el-Mandeb,civil_war_chokepoint_risk,Realized conflict and transport-route risk; EIA says nearly all Yemen oil/gas fields were shut in in 2015 and notes Yemen's Bab el-Mandeb location.,https://www.eia.gov/international/analysis/country/yem,1,1,1,1,1,0,0,0,0,1,1,1,1,0,1,1,1,1,1,1,0,1,1,1,1,0,0,1,1,0,1,1
2015Q2,2015,2,0,0,0,0,0,0,0,0,0,0,0,0,0,0,0,0,0,0,0,0,0,0,0,0,0,0,0,0,0,0,0,0,0,0,0,0,0,0,,,0,0,0,0,0,0,none,,,,,,,,0,0,0,0,0,0,0,0,0,0,0,0,0,0,0,0,0,0,0,0,0,0,0,0,0,0,0,0,0,0,0,0
2015Q3,2015,3,0,0,0,0,0,0,0,0,0,0,0,0,0,0,0,0,0,0,0,0,0,0,0,0,0,0,0,0,0,0,0,0,0,0,0,0,0,0,,,0,0,0,0,0,0,none,,,,,,,,0,0,0,0,0,0,0,0,0,0,0,0,0,0,0,0,0,0,0,0,0,0,0,0,0,0,0,0,0,0,0,0
2015Q4,2015,4,0,0,0,0,0,0,0,0,0,0,0,0,0,0,0,0,0,0,0,0,0,0,0,0,0,0,0,0,0,0,0,0,0,0,0,0,0,0,,,0,0,0,0,0,0,none,,,,,,,,0,0,0,0,0,0,0,0,0,0,0,0,0,0,0,0,0,0,0,0,0,0,0,0,0,0,0,0,0,0,0,0
2016Q1,2016,1,0,0,0,0,0,0,0,0,0,0,0,0,0,0,0,0,0,0,0,0,0,0,0,0,0,0,0,0,0,0,0,0,0,0,0,0,0,0,,,0,0,0,0,0,0,none,,,,,,,,0,0,0,0,0,0,0,0,0,0,0,0,0,0,0,0,0,0,0,0,0,0,0,0,0,0,0,0,0,0,0,0
2016Q2,2016,2,1,1,0,0,1,1,1,1,0,0,1,1,1,1,1,1,1,0,0,1,1,1,1,1,1,1,0,0,0,1,1,1,1,1,1,1,0,0,Niger Delta Avengers / Nigerian oil infrastructure attacks,Niger Delta Avengers / Nigerian oil infrastructure attacks,1,1,1,0,0,1,same_event_or_episode_overlap,high,E020,Niger Delta Avengers / Nigerian oil infrastructure attacks,Nigeria / Niger Delta,militant_attacks_supply_disruption,Actual militant attacks plus continuing threat to oil infrastructure; EIA expected Nigerian production to remain depressed through 2017 because of militant attacks.,https://www.eia.gov/todayinenergy/detail.php?id=27572,1,1,1,1,1,0,0,0,0,1,1,1,0,0,1,1,1,1,1,0,0,1,1,1,1,0,0,1,0,0,1,1
2016Q3,2016,3,0,0,0,0,0,0,0,0,0,0,0,0,0,0,0,0,0,0,0,0,0,0,0,0,0,0,0,0,0,0,0,0,0,0,0,0,0,0,,,0,0,0,0,0,0,none,,,,,,,,0,0,0,0,0,0,0,0,0,0,0,0,0,0,0,0,0,0,0,0,0,0,0,0,0,0,0,0,0,0,0,0
2016Q4,2016,4,0,0,0,0,0,0,0,0,0,0,0,0,0,0,0,0,0,0,0,0,0,0,0,0,0,0,0,0,0,0,0,0,0,0,0,0,0,0,,,0,0,0,0,0,0,none,,,,,,,,0,0,0,0,0,0,0,0,0,0,0,0,0,0,0,0,0,0,0,0,0,0,0,0,0,0,0,0,0,0,0,0
2017Q1,2017,1,0,0,0,0,0,0,0,0,0,0,0,0,0,0,0,0,0,0,0,0,0,0,0,0,0,0,0,0,0,0,0,0,0,0,0,0,0,0,,,0,0,0,0,0,0,none,,,,,,,,0,0,0,0,0,0,0,0,0,0,0,0,0,0,0,0,0,0,0,0,0,0,0,0,0,0,0,0,0,0,0,0
2017Q2,2017,2,0,0,0,0,0,0,0,0,0,0,0,0,0,0,0,0,0,0,0,0,0,0,0,0,0,0,0,0,0,0,0,0,0,0,0,0,0,0,,,0,0,0,0,0,0,none,,,,,,,,0,0,0,0,0,0,0,0,0,0,0,0,0,0,0,0,0,0,0,0,0,0,0,0,0,0,0,0,0,0,0,0
2017Q3,2017,3,0,0,0,0,0,0,0,0,0,0,0,0,0,0,0,0,0,0,0,0,0,0,0,0,0,0,0,0,0,0,0,0,0,0,0,0,0,0,,,0,0,0,0,0,0,none,,,,,,,,0,0,0,0,0,0,0,0,0,0,0,0,0,0,0,0,0,0,0,0,0,0,0,0,0,0,0,0,0,0,0,0
2017Q4,2017,4,0,0,0,0,0,0,0,0,0,0,0,0,0,0,0,0,0,0,0,0,0,0,0,0,0,0,0,0,0,0,0,0,0,0,0,0,0,0,,,0,0,0,0,0,0,none,,,,,,,,0,0,0,0,0,0,0,0,0,0,0,0,0,0,0,0,0,0,0,0,0,0,0,0,0,0,0,0,0,0,0,0
2018Q1,2018,1,0,0,0,0,0,0,0,0,0,0,0,0,0,0,0,0,0,0,0,0,0,0,0,0,0,0,0,0,0,0,0,0,0,0,0,0,0,0,,,0,0,0,0,0,0,none,,,,,,,,0,0,0,0,0,0,0,0,0,0,0,0,0,0,0,0,0,0,0,0,0,0,0,0,0,0,0,0,0,0,0,0
2018Q2,2018,2,1,1,0,0,1,1,1,0,1,1,1,1,1,1,1,1,1,0,0,1,1,1,1,1,0,0,1,0,1,1,1,1,1,1,1,0,0,0,U.S. withdrawal from JCPOA and reimposition path for Iran oil sanctions,U.S. withdrawal from JCPOA and reimposition path for Iran oil sanctions,1,1,1,0,0,1,same_event_or_episode_overlap,high,E021,U.S. withdrawal from JCPOA and reimposition path for Iran oil sanctions,Iran,energy_sanctions_reimposed_threat,Sanctions policy action plus threat to future Iranian oil exports; oil relevance through Iran exports and Hormuz risk.,https://www.eia.gov/international/analysis/country/irn/background,1,1,1,1,1,0,0,0,0,1,1,0,1,1,1,1,1,1,0,1,1,1,1,1,1,0,0,1,1,1,1,1
2018Q3,2018,3,0,0,0,0,0,0,0,0,0,0,0,0,0,0,0,0,0,0,0,0,0,0,0,0,0,0,0,0,0,0,0,0,0,0,0,0,0,0,,,0,0,0,0,0,0,none,,,,,,,,0,0,0,0,0,0,0,0,0,0,0,0,0,0,0,0,0,0,0,0,0,0,0,0,0,0,0,0,0,0,0,0
2018Q4,2018,4,0,0,0,0,0,0,0,0,0,0,0,0,0,0,0,0,0,0,0,0,0,0,0,0,0,0,0,0,0,0,0,0,0,0,0,0,0,0,,,0,0,0,0,0,0,none,,,,,,,,0,0,0,0,0,0,0,0,0,0,0,0,0,0,0,0,0,0,0,0,0,0,0,0,0,0,0,0,0,0,0,0
2019Q1,2019,1,0,1,0,1,0,1,1,1,0,1,1,1,1,0,0,1,1,0,1,0,1,1,1,0,1,1,0,0,1,1,0,1,1,1,1,1,0,0,U.S. sanctions on Venezuela / PdVSA,U.S. sanctions on Venezuela / PdVSA,1,0,1,0,1,0,act_only,high,E022,U.S. sanctions on Venezuela / PdVSA,Venezuela,energy_sanctions_implemented,Act-only by narrative rule: sanctions implementation affecting Venezuela's oil industry/imports; EIA expected 2019 declines to accelerate as sanctions-related deadlines passed.,https://www.eia.gov/todayinenergy/detail.php?id=39532,1,1,0,1,1,0,0,1,1,0,0,1,0,1,1,1,1,0,1,0,1,1,1,0,1,0,1,0,0,1,1,0
2019Q2,2019,2,1,1,0,0,1,1,1,1,1,1,1,1,1,1,1,1,1,0,0,1,1,1,1,1,1,1,1,0,1,1,1,0,0,0,0,0,0,0,Iran oil-sanctions waivers expire and Gulf of Oman tanker attacks,Iran oil-sanctions waivers expire and Gulf of Oman tanker attacks,1,1,1,0,0,1,same_event_or_episode_overlap,high,E023,Iran oil-sanctions waivers expire and Gulf of Oman tanker attacks,Iran / Gulf of Oman / Strait of Hormuz,sanctions_and_tanker_attacks,Waivers expired in May 2019 and tanker attacks occurred in June; EIA notes Iranian exports fell after waiver expiry and Reuters reports tanker attacks drove up oil prices and confrontation risk.,https://www.eia.gov/international/analysis/country/irn/background | https://www.reuters.com/article/world/us-blames-iran-for-tanker-attacks-in-gulf-of-oman-iran-rejects-assertion-idUSKCN1TE0MD/,1,1,1,1,1,0,0,0,0,1,1,1,1,1,1,1,1,1,1,1,1,1,1,1,0,0,0,1,1,0,0,1
2019Q3,2019,3,1,1,0,0,1,1,1,1,0,0,1,1,1,1,1,1,1,0,0,1,1,1,1,1,1,1,0,0,0,1,0,0,0,0,0,0,0,0,Abqaiq-Khurais attack on Saudi Aramco,Abqaiq-Khurais attack on Saudi Aramco,1,1,1,0,0,1,same_event_or_episode_overlap,very_high,E024,Abqaiq-Khurais attack on Saudi Aramco,Saudi Arabia,oil_facility_attack_supply_disruption,"Actual oil facility attack plus continuing escalation risk; EIA says Abqaiq capacity was about 7 million b/d, about 7% of global crude production capacity.",https://www.eia.gov/todayinenergy/detail.php?id=41413,1,1,1,1,1,0,0,0,0,1,1,1,0,0,1,1,1,1,1,0,0,1,1,1,0,0,0,0,0,0,0,0
2019Q4,2019,4,0,0,0,0,0,0,0,0,0,0,0,0,0,0,0,0,0,0,0,0,0,0,0,0,0,0,0,0,0,0,0,0,0,0,0,0,0,0,,,0,0,0,0,0,0,none,,,,,,,,0,0,0,0,0,0,0,0,0,0,0,0,0,0,0,0,0,0,0,0,0,0,0,0,0,0,0,0,0,0,0,0
2020Q1,2020,1,1,1,0,0,1,1,1,1,1,0,1,1,1,1,1,1,1,0,0,1,1,1,1,1,1,1,1,0,0,1,1,1,1,1,1,1,1,1,U.S. killing of Qasem Soleimani and Iran-U.S. escalation | Libya blockade closes export ports and major fields,U.S. killing of Qasem Soleimani and Iran-U.S. escalation | Libya blockade closes export ports and major fields,2,2,2,0,0,2,same_event_or_episode_overlap,high,E025 | E026,U.S. killing of Qasem Soleimani and Iran-U.S. escalation | Libya blockade closes export ports and major fields,Iran / Iraq / Persian Gulf | Libya,military_escalation_supply_risk | port_blockade_supply_disruption,"Actual military action plus supply-disruption risk; EIA uses this episode to illustrate how disruption risk can immediately affect oil prices even without barrels removed. | Realized blockade/shut-in plus continuing civil-war risk; EIA says Libya output fell to around 100,000 b/d after ports closed and fields were shut in.",https://www.eia.gov/todayinenergy/detail.php?id=42675 | https://www.eia.gov/outlooks/steo/archives/apr20.pdf | https://www.eia.gov/todayinenergy/detail.php?id=45437,1,2,2,2,2,0,0,0,0,1,2,1,1,0,2,2,2,2,1,1,0,2,2,2,1,0,0,1,1,0,1,1
2020Q2,2020,2,0,0,0,0,0,0,0,0,0,0,0,0,0,0,0,0,0,0,0,0,0,0,0,0,0,0,0,0,0,0,0,0,0,0,0,0,1,1,,,0,0,0,0,0,0,none,,,,,,,,0,0,0,0,0,0,0,0,0,0,0,0,0,0,0,0,0,0,0,0,0,0,0,0,0,0,0,0,0,0,0,0
2020Q3,2020,3,0,0,0,0,0,0,0,0,0,0,0,0,0,0,0,0,0,0,0,0,0,0,0,0,0,0,0,0,0,0,0,0,0,0,0,0,1,1,,,0,0,0,0,0,0,none,,,,,,,,0,0,0,0,0,0,0,0,0,0,0,0,0,0,0,0,0,0,0,0,0,0,0,0,0,0,0,0,0,0,0,0
2020Q4,2020,4,0,0,0,0,0,0,0,0,0,0,0,0,0,0,0,0,0,0,0,0,0,0,0,0,0,0,0,0,0,0,0,0,0,0,0,0,1,1,,,0,0,0,0,0,0,none,,,,,,,,0,0,0,0,0,0,0,0,0,0,0,0,0,0,0,0,0,0,0,0,0,0,0,0,0,0,0,0,0,0,0,0
2021Q1,2021,1,0,0,0,0,0,0,0,0,0,0,0,0,0,0,0,0,0,0,0,0,0,0,0,0,0,0,0,0,0,0,0,0,0,0,0,0,0,1,,,0,0,0,0,0,0,none,,,,,,,,0,0,0,0,0,0,0,0,0,0,0,0,0,0,0,0,0,0,0,0,0,0,0,0,0,0,0,0,0,0,0,0
2021Q2,2021,2,0,0,0,0,0,0,0,0,0,0,0,0,0,0,0,0,0,0,0,0,0,0,0,0,0,0,0,0,0,0,0,0,0,0,0,0,0,1,,,0,0,0,0,0,0,none,,,,,,,,0,0,0,0,0,0,0,0,0,0,0,0,0,0,0,0,0,0,0,0,0,0,0,0,0,0,0,0,0,0,0,0
2021Q3,2021,3,0,0,0,0,0,0,0,0,0,0,0,0,0,0,0,0,0,0,0,0,0,0,0,0,0,0,0,0,0,0,0,0,0,0,0,0,0,1,,,0,0,0,0,0,0,none,,,,,,,,0,0,0,0,0,0,0,0,0,0,0,0,0,0,0,0,0,0,0,0,0,0,0,0,0,0,0,0,0,0,0,0
2021Q4,2021,4,0,0,0,0,0,0,0,0,0,0,0,0,0,0,0,0,0,0,0,0,0,0,0,0,0,0,0,0,0,0,0,0,0,0,0,0,0,1,,,0,0,0,0,0,0,none,,,,,,,,0,0,0,0,0,0,0,0,0,0,0,0,0,0,0,0,0,0,0,0,0,0,0,0,0,0,0,0,0,0,0,0
2022Q1,2022,1,1,1,0,0,1,1,1,1,0,1,1,1,1,1,1,1,1,0,0,1,1,1,1,1,1,1,0,0,1,1,1,1,1,1,1,1,0,0,Russia's full-scale invasion of Ukraine,Russia's full-scale invasion of Ukraine,1,1,1,0,0,1,same_event_or_episode_overlap,very_high,E027,Russia's full-scale invasion of Ukraine,Russia / Ukraine / Europe,war_begins_energy_sanctions_risk,Actual invasion plus continuing sanctions/export risk; EIA says geopolitical risk related to Russia's further invasion contributed to higher and more volatile crude oil prices.,https://www.eia.gov/todayinenergy/detail.php?id=55020,1,1,1,1,1,0,0,0,0,1,1,1,0,1,1,1,1,1,1,0,1,1,1,1,1,0,0,1,0,1,1,1
2022Q2,2022,2,0,0,0,0,0,0,0,0,0,0,0,0,0,0,0,0,0,0,0,0,0,0,0,0,0,0,0,0,0,0,0,0,0,0,0,0,0,0,,,0,0,0,0,0,0,none,,,,,,,,0,0,0,0,0,0,0,0,0,0,0,0,0,0,0,0,0,0,0,0,0,0,0,0,0,0,0,0,0,0,0,0
2022Q3,2022,3,0,0,0,0,0,0,0,0,0,0,0,0,0,0,0,0,0,0,0,0,0,0,0,0,0,0,0,0,0,0,0,0,0,0,0,0,0,0,,,0,0,0,0,0,0,none,,,,,,,,0,0,0,0,0,0,0,0,0,0,0,0,0,0,0,0,0,0,0,0,0,0,0,0,0,0,0,0,0,0,0,0
2022Q4,2022,4,1,1,0,0,1,1,1,1,0,1,1,1,1,1,1,1,1,0,0,1,1,1,1,1,1,1,0,0,1,1,1,1,1,1,1,1,0,0,EU embargo and G7 price cap on Russian crude oil begins,EU embargo and G7 price cap on Russian crude oil begins,1,1,1,0,0,1,same_event_or_episode_overlap,high,E028,EU embargo and G7 price cap on Russian crude oil begins,Russia / Europe / G7,energy_sanctions_implemented,Energy sanctions implementation plus continuing export/rerouting threat; EU/G7 caps applied from 5 Dec 2022 for crude oil.,https://www.consilium.europa.eu/en/policies/sanctions-against-russia-explained/ | https://www.eia.gov/international/overview/country/RUS,1,1,1,1,1,0,0,0,0,1,1,1,0,1,1,1,1,1,1,0,1,1,1,1,1,0,0,1,0,1,1,1
2023Q1,2023,1,0,0,0,0,0,0,0,0,0,0,0,0,0,0,0,0,0,0,0,0,0,0,0,0,0,0,0,0,0,0,0,0,0,0,0,0,0,0,,,0,0,0,0,0,0,none,,,,,,,,0,0,0,0,0,0,0,0,0,0,0,0,0,0,0,0,0,0,0,0,0,0,0,0,0,0,0,0,0,0,0,0
2023Q2,2023,2,0,0,0,0,0,0,0,0,0,0,0,0,0,0,0,0,0,0,0,0,0,0,0,0,0,0,0,0,0,0,0,0,0,0,0,0,0,0,,,0,0,0,0,0,0,none,,,,,,,,0,0,0,0,0,0,0,0,0,0,0,0,0,0,0,0,0,0,0,0,0,0,0,0,0,0,0,0,0,0,0,0
2023Q3,2023,3,0,0,0,0,0,0,0,0,0,0,0,0,0,0,0,0,0,0,0,0,0,0,0,0,0,0,0,0,0,0,0,0,0,0,0,0,0,0,,,0,0,0,0,0,0,none,,,,,,,,0,0,0,0,0,0,0,0,0,0,0,0,0,0,0,0,0,0,0,0,0,0,0,0,0,0,0,0,0,0,0,0
2023Q4,2023,4,1,1,0,0,1,1,1,0,1,0,0,1,1,1,1,1,1,0,0,1,1,1,1,1,0,0,1,0,0,0,1,1,1,1,1,0,0,0,Hamas attack on Israel and Israel-Gaza war risk premium | Houthi Red Sea / Bab el-Mandeb shipping attacks begin,Hamas attack on Israel and Israel-Gaza war risk premium | Houthi Red Sea / Bab el-Mandeb shipping attacks begin,2,2,2,0,0,2,same_event_or_episode_overlap,high,E029 | E030,Hamas attack on Israel and Israel-Gaza war risk premium | Houthi Red Sea / Bab el-Mandeb shipping attacks begin,Israel / Gaza / Middle East | Red Sea / Bab el-Mandeb / Yemen,terrorist_act_and_regional_war_risk | shipping_route_attacks,"Terrorist act and war escalation risk; IEA says the 7 Oct attack caused traders to price a $3-4/bbl risk premium, though without direct physical supply impact. | Actual attacks and continuing chokepoint threat; EIA notes late-2023 Red Sea attacks raised insurance costs, rerouting and Brent price pressure.",https://www.iea.org/reports/oil-market-report-october-2023 | https://www.eia.gov/todayinenergy/detail.php?id=61142,1,2,2,2,2,0,0,0,0,1,2,0,2,0,0,2,2,2,0,2,0,0,2,2,1,0,0,1,1,0,0,1
2024Q1,2024,1,1,1,0,0,1,1,1,0,1,0,0,1,1,1,1,1,1,0,0,1,1,1,1,1,0,0,1,0,0,0,0,0,0,0,0,0,0,0,Red Sea disruption intensifies; U.S.-UK strikes against Houthi targets,Red Sea disruption intensifies; U.S.-UK strikes against Houthi targets,1,1,1,0,0,1,same_event_or_episode_overlap,high,E031,Red Sea disruption intensifies; U.S.-UK strikes against Houthi targets,Red Sea / Yemen,shipping_route_military_escalation,Continuing route attacks and military escalation; EIA reports crude oil flows through Bab el-Mandeb fell in December and shipping times/freight rates increased.,https://www.eia.gov/todayinenergy/detail.php?id=61363,1,1,1,1,1,0,0,0,0,1,1,0,1,0,0,1,1,1,0,1,0,0,1,1,0,0,0,0,0,0,0,0
2024Q2,2024,2,1,1,0,0,1,1,1,0,1,0,1,1,1,1,1,1,1,0,0,1,1,1,1,1,0,0,1,0,0,1,0,0,0,0,0,0,0,0,Iran-Israel direct missile/drone exchange and regional escalation risk,Iran-Israel direct missile/drone exchange and regional escalation risk,1,1,1,0,0,1,same_event_or_episode_overlap,high,E032,Iran-Israel direct missile/drone exchange and regional escalation risk,Iran / Israel / Persian Gulf,military_escalation_chokepoint_threat,Actual direct attack plus continuing escalation/Hormuz risk; Reuters notes Brent reached recent highs before Iran's response and then retreated after damage proved limited.,https://www.reuters.com/business/energy/oil-prices-rise-israel-weighs-response-iran-attack-2024-04-16/ | https://www.eia.gov/international/analysis/special-topics/World_Oil_Transit_Chokepoints,1,1,1,1,1,0,0,0,0,1,1,0,1,0,1,1,1,1,0,1,0,1,1,1,0,0,0,0,0,0,1,0
2024Q3,2024,3,1,1,0,0,1,1,1,1,0,0,1,1,1,1,1,1,1,0,0,1,1,1,1,1,1,1,0,0,0,1,0,0,0,0,0,1,0,0,Libya political dispute shuts oilfields/ports,Libya political dispute shuts oilfields/ports,1,1,1,0,0,1,same_event_or_episode_overlap,high,E033,Libya political dispute shuts oilfields/ports,Libya,political_shutdown_supply_disruption,Actual oilfield/port shutdown and continuing political risk; Reuters reported major Libyan ports halted exports and production fell sharply in Aug-Sep 2024.,https://www.reuters.com/world/africa/libyas-eastern-based-government-close-all-oilfields-2024-08-26/ | https://www.eia.gov/international/analysis/country/LBY,1,1,1,1,1,0,0,0,0,1,1,1,0,0,1,1,1,1,1,0,0,1,1,1,0,0,0,0,0,0,0,0
2024Q4,2024,4,1,1,0,0,1,1,1,0,1,0,0,1,1,1,0,0,0,0,0,0,0,0,0,0,0,0,0,0,0,0,0,0,0,0,0,0,0,0,,,1,1,1,0,0,1,same_event_or_episode_overlap,high,E034,Red Sea oil flows remain significantly reduced,Red Sea / Bab el-Mandeb,shipping_route_disruption_continuation,Continuing actual route disruption and threat; EIA says oil flows through Bab el-Mandeb averaged 4.0 million b/d through Aug 2024 versus 8.7 million b/d in 2023.,https://www.eia.gov/todayinenergy/detail.php?id=63446,0,0,0,0,0,0,0,0,0,0,0,0,0,0,0,0,0,0,0,1,0,0,1,1,0,0,0,0,1,0,0,0
2025Q1,2025,1,1,1,0,0,1,1,1,0,0,1,1,1,1,1,1,1,1,0,0,1,1,1,1,1,0,0,0,0,1,1,0,0,0,0,0,0,0,0,New U.S./UK Russia oil sanctions and shadow-fleet measures,New U.S./UK Russia oil sanctions and shadow-fleet measures,1,1,1,0,0,1,same_event_or_episode_overlap,high,E035,New U.S./UK Russia oil sanctions and shadow-fleet measures,Russia / global tanker market,energy_sanctions_escalation,Energy sanctions act plus continuing export threat; EIA Russia overview reports new U.S./UK measures in Jan 2025 supporting existing price caps/export bans.,https://www.eia.gov/international/overview/country/RUS,1,1,1,1,1,0,0,0,0,1,1,0,0,1,1,1,1,1,0,0,1,1,1,1,0,0,0,0,0,1,1,0
2025Q2,2025,2,1,1,0,0,1,1,1,0,1,0,1,1,1,1,1,1,1,1,0,1,1,1,1,1,0,0,1,1,0,1,0,0,0,0,0,0,0,0,Israel strikes Iran; U.S. strikes Iran; Iran response and ceasefire | Strait of Hormuz risk highlighted amid regional conflict,Israel strikes Iran; U.S. strikes Iran; Iran response and ceasefire,2,2,1,1,0,1,same_event_or_episode_overlap,very_high,E036 | E037,Israel strikes Iran; U.S. strikes Iran; Iran response and ceasefire | Strait of Hormuz risk highlighted amid regional conflict,Iran / Israel / Strait of Hormuz | Strait of Hormuz,military_strikes_chokepoint_threat | chokepoint_threat,Actual strikes plus Hormuz/supply-disruption threat; IEA says Brent rallied after Israel's 13 June strikes; EIA says after U.S. strikes and Iran response a ceasefire reduced Middle East supply-disruption risk. | Threat-only coding for the transport-risk component: EIA says Hormuz carried about 20% of global petroleum liquids consumption in 2024 and remained critical in 2025Q1.,https://www.iea.org/reports/oil-market-report-june-2025 | https://www.eia.gov/todayinenergy/detail.php?id=65884 | https://www.eia.gov/todayinenergy/detail.php?id=65504 | https://www.iea.org/about/oil-security-and-emergency-response/strait-of-hormuz,1,2,2,1,1,1,1,0,0,1,1,0,2,0,2,2,1,2,0,2,0,2,1,2,0,0,0,0,1,0,0,0
2025Q3,2025,3,1,1,0,0,1,1,1,0,0,1,1,1,1,1,1,1,1,0,0,1,1,1,1,1,0,0,0,0,1,1,0,0,0,0,0,0,0,0,EU 18th sanctions package lowers Russia oil price cap and targets shadow fleet,EU 18th sanctions package lowers Russia oil price cap and targets shadow fleet,1,1,1,0,0,1,same_event_or_episode_overlap,high,E038,EU 18th sanctions package lowers Russia oil price cap and targets shadow fleet,Russia / EU / global tanker market,energy_sanctions_escalation,Energy sanctions implementation plus continuing export/rerouting threat; EIA notes the EU 18th package in July 2025 lowered Russia oil price cap and increased shadow-fleet measures.,https://www.eia.gov/international/overview/country/RUS,1,1,1,1,1,0,0,0,0,1,1,0,0,1,1,1,1,1,0,0,1,1,1,1,0,0,0,0,0,1,0,0
2025Q4,2025,4,0,0,0,0,0,0,0,0,0,0,0,0,0,0,0,0,0,0,0,0,0,0,0,0,0,0,0,0,0,0,0,0,0,0,0,0,0,0,,,0,0,0,0,0,0,none,,,,,,,,0,0,0,0,0,0,0,0,0,0,0,0,0,0,0,0,0,0,0,0,0,0,0,0,0,0,0,0,0,0,0,0
