h,beta,se,lb,ub,nobs,shock,outcome,outcome_label,specification
0,-0.843569243958355,1.37005347093329,-3.09710666474043,1.40996817682372,137,US,Real_Brent,Brent crude oil price,level_change_y_tph_minus_y_tm1
1,-3.09998593555875,1.72957877270942,-5.94488985294811,-0.255082018169385,136,US,Real_Brent,Brent crude oil price,level_change_y_tph_minus_y_tm1
2,-1.25919843955682,1.96387135669387,-4.48947936348083,1.9710824843672,135,US,Real_Brent,Brent crude oil price,level_change_y_tph_minus_y_tm1
3,1.86472588118476,2.05324410837745,-1.51256013749663,5.24201189986615,134,US,Real_Brent,Brent crude oil price,level_change_y_tph_minus_y_tm1
4,3.3386657070771,2.05745637924537,-0.0455488806190893,6.72288029477328,133,US,Real_Brent,Brent crude oil price,level_change_y_tph_minus_y_tm1
5,6.47528397002478,2.22068749871672,2.82257808343478,10.1279898566148,132,US,Real_Brent,Brent crude oil price,level_change_y_tph_minus_y_tm1
6,7.12659543344439,2.90150549384295,2.35404359827719,11.8991472686116,131,US,Real_Brent,Brent crude oil price,level_change_y_tph_minus_y_tm1
7,6.75631884544899,3.68650099016635,0.692564321013678,12.8200733698843,130,US,Real_Brent,Brent crude oil price,level_change_y_tph_minus_y_tm1
8,5.91536089643987,3.49509565621497,0.166440129772338,11.6642816631074,129,US,Real_Brent,Brent crude oil price,level_change_y_tph_minus_y_tm1
9,6.03184628355313,3.0048277058738,1.08934453318233,10.9743480339239,128,US,Real_Brent,Brent crude oil price,level_change_y_tph_minus_y_tm1
10,3.83376053914585,2.48693333163445,-0.256880771379591,7.92440184967129,127,US,Real_Brent,Brent crude oil price,level_change_y_tph_minus_y_tm1
11,2.51897585536659,2.10685789818809,-0.946496999939443,5.98444871067262,126,US,Real_Brent,Brent crude oil price,level_change_y_tph_minus_y_tm1
12,4.14539818452648,2.59685728505547,-0.126051939472356,8.41684830852532,125,US,Real_Brent,Brent crude oil price,level_change_y_tph_minus_y_tm1
0,-0.552196620293677,1.38466507074118,-2.82976798401533,1.72537474342797,137,US,Real_WTI,WTI crude oil price,level_change_y_tph_minus_y_tm1
1,-2.51430385504265,1.81294677166777,-5.49633592789034,0.467728217805048,136,US,Real_WTI,WTI crude oil price,level_change_y_tph_minus_y_tm1
2,-1.40634232562174,1.85978785934813,-4.46542113143083,1.65273648018736,135,US,Real_WTI,WTI crude oil price,level_change_y_tph_minus_y_tm1
3,2.11174228250078,1.99854292739387,-1.17556830024124,5.3990528652428,134,US,Real_WTI,WTI crude oil price,level_change_y_tph_minus_y_tm1
4,4.00842894162011,1.9992886946932,0.719891680830926,7.29696620240929,133,US,Real_WTI,WTI crude oil price,level_change_y_tph_minus_y_tm1
5,6.66970027266432,2.19072648963971,3.06627586052178,10.2731246848069,132,US,Real_WTI,WTI crude oil price,level_change_y_tph_minus_y_tm1
6,7.63009612370412,2.69118839518953,3.20348513106691,12.0567071163413,131,US,Real_WTI,WTI crude oil price,level_change_y_tph_minus_y_tm1
7,7.15426478404622,3.26238491141658,1.78811912999089,12.5204104381015,130,US,Real_WTI,WTI crude oil price,level_change_y_tph_minus_y_tm1
8,5.82376215640447,3.30374319721476,0.38958817594952,11.2579361368594,129,US,Real_WTI,WTI crude oil price,level_change_y_tph_minus_y_tm1
9,6.47780638598281,2.86230174452265,1.7697389800752,11.1858737918904,128,US,Real_WTI,WTI crude oil price,level_change_y_tph_minus_y_tm1
10,4.49229492484831,2.43642402678814,0.484734027594131,8.49985582210249,127,US,Real_WTI,WTI crude oil price,level_change_y_tph_minus_y_tm1
11,3.07286553422937,2.06395445562634,-0.322037437970265,6.46776850642901,126,US,Real_WTI,WTI crude oil price,level_change_y_tph_minus_y_tm1
12,4.45394062021592,2.47394753734178,0.384659040531637,8.52322219990021,125,US,Real_WTI,WTI crude oil price,level_change_y_tph_minus_y_tm1
0,-0.551940893985705,0.965596825011613,-2.14020633377888,1.03632454580747,137,US,Real_Gasoline,Gasoline price,level_change_y_tph_minus_y_tm1
1,-1.24727954425897,1.31635991851467,-3.41249893060138,0.917939842083431,136,US,Real_Gasoline,Gasoline price,level_change_y_tph_minus_y_tm1
2,-1.22072250660252,1.12574782850306,-3.07241290534853,0.630967892143492,135,US,Real_Gasoline,Gasoline price,level_change_y_tph_minus_y_tm1
3,0.623924658890545,1.273073391245,-1.4700947260742,2.71794404385529,134,US,Real_Gasoline,Gasoline price,level_change_y_tph_minus_y_tm1
4,1.71114051906618,1.11424477480147,-0.12162904007774,3.54391007821011,133,US,Real_Gasoline,Gasoline price,level_change_y_tph_minus_y_tm1
5,2.96825330148985,1.04495190710276,1.24946036710201,4.68704623587768,132,US,Real_Gasoline,Gasoline price,level_change_y_tph_minus_y_tm1
6,3.41803408805032,1.25413422371571,1.35516686148757,5.48090131461307,131,US,Real_Gasoline,Gasoline price,level_change_y_tph_minus_y_tm1
7,3.46399089192865,1.69596446032161,0.67437759818785,6.25360418566945,130,US,Real_Gasoline,Gasoline price,level_change_y_tph_minus_y_tm1
8,2.53404434576414,1.70789147106344,-0.275187134854051,5.34327582638232,129,US,Real_Gasoline,Gasoline price,level_change_y_tph_minus_y_tm1
9,2.06873317119322,1.64702663333375,-0.640384560331468,4.77785090271792,128,US,Real_Gasoline,Gasoline price,level_change_y_tph_minus_y_tm1
10,1.48122772777546,1.38470478060077,-0.79640895285276,3.75886440840368,127,US,Real_Gasoline,Gasoline price,level_change_y_tph_minus_y_tm1
11,0.55053583030801,1.28258459604582,-1.55912809437005,2.66019975498607,126,US,Real_Gasoline,Gasoline price,level_change_y_tph_minus_y_tm1
12,0.825483092433151,1.18893405021065,-1.13013939226194,2.78110557712824,125,US,Real_Gasoline,Gasoline price,level_change_y_tph_minus_y_tm1
0,0.0249307716381608,0.146370366564873,-0.215827056684287,0.265688599960609,137,US,inv_OECD,OECD inventory,level_change_y_tph_minus_y_tm1
1,-0.130075068713317,0.217275441042886,-0.487461365960189,0.227311228533554,136,US,inv_OECD,OECD inventory,level_change_y_tph_minus_y_tm1
2,-0.359825251202496,0.225772124464116,-0.731187348991836,0.0115368465868446,135,US,inv_OECD,OECD inventory,level_change_y_tph_minus_y_tm1
3,-0.663799117506849,0.242979932937399,-1.06346554147536,-0.264132693538343,134,US,inv_OECD,OECD inventory,level_change_y_tph_minus_y_tm1
4,-0.907863572203207,0.292189305564459,-1.38847221121734,-0.427254933189074,133,US,inv_OECD,OECD inventory,level_change_y_tph_minus_y_tm1
5,-1.22646461832235,0.314378858809694,-1.74357182447233,-0.709357412172356,132,US,inv_OECD,OECD inventory,level_change_y_tph_minus_y_tm1
6,-1.12723701081337,0.316800860973851,-1.64832805600756,-0.606145965619182,131,US,inv_OECD,OECD inventory,level_change_y_tph_minus_y_tm1
7,-0.836384082221548,0.32085239347081,-1.36413930533807,-0.308628859105026,130,US,inv_OECD,OECD inventory,level_change_y_tph_minus_y_tm1
8,-0.61403868802055,0.373236603129423,-1.22795826838903,-0.000119107652072126,129,US,inv_OECD,OECD inventory,level_change_y_tph_minus_y_tm1
9,-0.452216311736004,0.320656098843337,-0.979648658922577,0.0752160354505693,128,US,inv_OECD,OECD inventory,level_change_y_tph_minus_y_tm1
10,-0.165857096505239,0.294808417289167,-0.650773790939148,0.319059597928671,127,US,inv_OECD,OECD inventory,level_change_y_tph_minus_y_tm1
11,0.10008770271605,0.247594511269098,-0.307169027158203,0.507344432590302,126,US,inv_OECD,OECD inventory,level_change_y_tph_minus_y_tm1
12,0.372843506907687,0.237581963419332,-0.0179440473208535,0.763631061136226,125,US,inv_OECD,OECD inventory,level_change_y_tph_minus_y_tm1
0,-0.343724972415383,0.240100635072658,-0.738655372847996,0.05120542801723,137,US,inv_USA,U.S. inventory,level_change_y_tph_minus_y_tm1
1,-0.418009129853665,0.354480818560474,-1.00107818994759,0.165059930240258,136,US,inv_USA,U.S. inventory,level_change_y_tph_minus_y_tm1
2,-0.91137279293118,0.359635724939265,-1.50292091947885,-0.319824666383508,135,US,inv_USA,U.S. inventory,level_change_y_tph_minus_y_tm1
3,-1.52515462239095,0.388219904900487,-2.16371954102127,-0.886589703760632,134,US,inv_USA,U.S. inventory,level_change_y_tph_minus_y_tm1
4,-1.42731783645753,0.453359540792843,-2.17302792144369,-0.681607751471364,133,US,inv_USA,U.S. inventory,level_change_y_tph_minus_y_tm1
5,-1.98512718046521,0.508009772582916,-2.82072889742502,-1.14952546350541,132,US,inv_USA,U.S. inventory,level_change_y_tph_minus_y_tm1
6,-2.20818448840515,0.497737759467889,-3.0268902473366,-1.38947872947369,131,US,inv_USA,U.S. inventory,level_change_y_tph_minus_y_tm1
7,-1.79490098891055,0.497410739265461,-2.61306884747595,-0.976733130345138,130,US,inv_USA,U.S. inventory,level_change_y_tph_minus_y_tm1
8,-1.18224793283697,0.528124064814355,-2.05093471632722,-0.313561149346724,129,US,inv_USA,U.S. inventory,level_change_y_tph_minus_y_tm1
9,-0.912863382367715,0.451181362564696,-1.65499068299516,-0.170736081740269,128,US,inv_USA,U.S. inventory,level_change_y_tph_minus_y_tm1
10,-0.461677324228383,0.458496199837665,-1.21583646147483,0.292481813018068,127,US,inv_USA,U.S. inventory,level_change_y_tph_minus_y_tm1
11,0.151211704920587,0.357547293837487,-0.436901258154687,0.73932466799586,126,US,inv_USA,U.S. inventory,level_change_y_tph_minus_y_tm1
12,0.59567701421406,0.385725724712972,-0.0387853430885579,1.23013937151668,125,US,inv_USA,U.S. inventory,level_change_y_tph_minus_y_tm1
0,0.100599140808484,0.119420081865919,-0.0958294139795151,0.297027695596483,137,US,WorldCP,World crude-oil production,level_change_y_tph_minus_y_tm1
1,-0.227281547595423,0.127274300068273,-0.436629141680431,-0.0179339535104138,136,US,WorldCP,World crude-oil production,level_change_y_tph_minus_y_tm1
2,-0.237908640559233,0.156023340858957,-0.494544198660174,0.0187269175417083,135,US,WorldCP,World crude-oil production,level_change_y_tph_minus_y_tm1
3,-0.0210774640834808,0.226508127407465,-0.393650178983635,0.351495250816674,134,US,WorldCP,World crude-oil production,level_change_y_tph_minus_y_tm1
4,0.102217558387746,0.260246903610478,-0.325850504918838,0.530285621694331,133,US,WorldCP,World crude-oil production,level_change_y_tph_minus_y_tm1
5,0.218430554039726,0.282886692853411,-0.246876648716514,0.683737756795967,132,US,WorldCP,World crude-oil production,level_change_y_tph_minus_y_tm1
6,0.331221925435671,0.268342075841212,-0.110161511275433,0.772605362146775,131,US,WorldCP,World crude-oil production,level_change_y_tph_minus_y_tm1
7,0.388486098215314,0.238498621015652,-0.00380922358520591,0.780781420015833,130,US,WorldCP,World crude-oil production,level_change_y_tph_minus_y_tm1
8,0.334746400036953,0.198811726668063,0.00773021034650573,0.661762589727401,129,US,WorldCP,World crude-oil production,level_change_y_tph_minus_y_tm1
9,0.488630794191392,0.18508142143983,0.184198946854754,0.79306264152803,128,US,WorldCP,World crude-oil production,level_change_y_tph_minus_y_tm1
10,0.331619797054672,0.202362537591549,-0.00123695686189118,0.664476550971234,127,US,WorldCP,World crude-oil production,level_change_y_tph_minus_y_tm1
11,0.22097109506989,0.214560597027017,-0.131949681150873,0.573891871290652,126,US,WorldCP,World crude-oil production,level_change_y_tph_minus_y_tm1
12,0.00602332107518153,0.251314627301972,-0.407352455148425,0.419399097298788,125,US,WorldCP,World crude-oil production,level_change_y_tph_minus_y_tm1
0,-2.02671696268737,1.3929322405339,-4.31788661062719,0.26445268525246,137,Israel,Real_Brent,Brent crude oil price,level_change_y_tph_minus_y_tm1
1,-4.23502227752529,2.06951505027582,-7.63907161400213,-0.83097294104845,136,Israel,Real_Brent,Brent crude oil price,level_change_y_tph_minus_y_tm1
2,-4.59192116170914,2.89402985392181,-9.35217666343826,0.168334340019986,135,Israel,Real_Brent,Brent crude oil price,level_change_y_tph_minus_y_tm1
3,-4.1659889909963,2.94275787890254,-9.00639496134916,0.674416979356565,134,Israel,Real_Brent,Brent crude oil price,level_change_y_tph_minus_y_tm1
4,-4.81834893369364,3.41552327272336,-10.4363847767698,0.799686909382542,133,Israel,Real_Brent,Brent crude oil price,level_change_y_tph_minus_y_tm1
5,-1.93253441093304,3.17013060674136,-7.14693523734144,3.28186641547536,132,Israel,Real_Brent,Brent crude oil price,level_change_y_tph_minus_y_tm1
6,1.54883527871168,3.33405014607357,-3.93518919649551,7.03285975391888,131,Israel,Real_Brent,Brent crude oil price,level_change_y_tph_minus_y_tm1
7,4.06192255494852,4.24867091842583,-2.92651921494745,11.0503643248445,130,Israel,Real_Brent,Brent crude oil price,level_change_y_tph_minus_y_tm1
8,2.43934953027072,4.52146761057907,-4.99780286813386,9.87650192867531,129,Israel,Real_Brent,Brent crude oil price,level_change_y_tph_minus_y_tm1
9,-1.09657801652446,3.03359006034431,-6.08638962996574,3.89323359691682,128,Israel,Real_Brent,Brent crude oil price,level_change_y_tph_minus_y_tm1
10,-4.53303579968191,3.05291715563683,-9.55463765591353,0.488566056549706,127,Israel,Real_Brent,Brent crude oil price,level_change_y_tph_minus_y_tm1
11,-3.50795511184463,2.67109880561467,-7.90152167020566,0.8856114465164,126,Israel,Real_Brent,Brent crude oil price,level_change_y_tph_minus_y_tm1
12,-1.83853895171191,2.65551079299895,-6.20646551098502,2.52938760756119,125,Israel,Real_Brent,Brent crude oil price,level_change_y_tph_minus_y_tm1
0,-1.88745950861359,1.38114917287551,-4.15924773497889,0.384328717751713,137,Israel,Real_WTI,WTI crude oil price,level_change_y_tph_minus_y_tm1
1,-3.93590067706648,2.02271309056179,-7.26296764035927,-0.608833713773689,136,Israel,Real_WTI,WTI crude oil price,level_change_y_tph_minus_y_tm1
2,-4.69272890388357,2.78061658992652,-9.26643618698565,-0.119021620781488,135,Israel,Real_WTI,WTI crude oil price,level_change_y_tph_minus_y_tm1
3,-3.91935415380331,2.94140801405281,-8.7575397940622,0.918831486455577,134,Israel,Real_WTI,WTI crude oil price,level_change_y_tph_minus_y_tm1
4,-3.99898867960869,3.44586514096205,-9.66693245470577,1.66895509548839,133,Israel,Real_WTI,WTI crude oil price,level_change_y_tph_minus_y_tm1
5,-1.14066817633742,3.11324076211466,-6.26149353547489,3.98015718280004,132,Israel,Real_WTI,WTI crude oil price,level_change_y_tph_minus_y_tm1
6,2.90323194801978,3.29614848820068,-2.51844984776773,8.32491374380728,131,Israel,Real_WTI,WTI crude oil price,level_change_y_tph_minus_y_tm1
7,5.25728290845065,4.06203899399009,-1.42417666363225,11.9387424805336,130,Israel,Real_WTI,WTI crude oil price,level_change_y_tph_minus_y_tm1
8,3.53428454664406,4.47856051189496,-3.832291954868,10.9008610481561,129,Israel,Real_WTI,WTI crude oil price,level_change_y_tph_minus_y_tm1
9,0.555596964993026,2.73974086880028,-3.95087573996029,5.06206966994634,128,Israel,Real_WTI,WTI crude oil price,level_change_y_tph_minus_y_tm1
10,-3.42911764445667,3.13791763949139,-8.59053285484909,1.73229756593574,127,Israel,Real_WTI,WTI crude oil price,level_change_y_tph_minus_y_tm1
11,-2.13132244113037,2.62304326774825,-6.44584467373673,2.18319979147598,126,Israel,Real_WTI,WTI crude oil price,level_change_y_tph_minus_y_tm1
12,-0.796063302106815,2.40907718262798,-4.75864264355848,3.16651603934485,125,Israel,Real_WTI,WTI crude oil price,level_change_y_tph_minus_y_tm1
0,-1.91143255647148,0.753050964952899,-3.15009116745356,-0.672773945489395,137,Israel,Real_Gasoline,Gasoline price,level_change_y_tph_minus_y_tm1
1,-3.43516803430135,1.17851124295613,-5.37364652668082,-1.49668954192188,136,Israel,Real_Gasoline,Gasoline price,level_change_y_tph_minus_y_tm1
2,-2.74936478709596,1.31068422834888,-4.9052484938837,-0.593481080308216,135,Israel,Real_Gasoline,Gasoline price,level_change_y_tph_minus_y_tm1
3,-1.95279091054336,1.49241885042186,-4.4076014695905,0.502019648503776,134,Israel,Real_Gasoline,Gasoline price,level_change_y_tph_minus_y_tm1
4,-2.35291545328942,1.59866619754716,-4.98248734660959,0.276656440030755,133,Israel,Real_Gasoline,Gasoline price,level_change_y_tph_minus_y_tm1
5,-1.77401109069201,1.55805763676462,-4.33678784552374,0.788765664139713,132,Israel,Real_Gasoline,Gasoline price,level_change_y_tph_minus_y_tm1
6,0.454895866416635,1.58510020436636,-2.15236195381689,3.06215368665016,131,Israel,Real_Gasoline,Gasoline price,level_change_y_tph_minus_y_tm1
7,2.223981727547,2.09289226564913,-1.21851970642465,5.66648316151865,130,Israel,Real_Gasoline,Gasoline price,level_change_y_tph_minus_y_tm1
8,1.17339056323558,2.30618861025047,-2.61995213676909,4.96673326324025,129,Israel,Real_Gasoline,Gasoline price,level_change_y_tph_minus_y_tm1
9,-0.527205533830375,1.58175584791187,-3.12896237721992,2.07455130955917,128,Israel,Real_Gasoline,Gasoline price,level_change_y_tph_minus_y_tm1
10,-1.94247516232748,1.98844167838526,-5.21317066900094,1.32822034434598,127,Israel,Real_Gasoline,Gasoline price,level_change_y_tph_minus_y_tm1
11,-2.04382054257474,1.86822013692405,-5.11676921073804,1.02912812558856,126,Israel,Real_Gasoline,Gasoline price,level_change_y_tph_minus_y_tm1
12,-2.14409476067596,1.34520751153704,-4.35676421503003,0.0685746936781162,125,Israel,Real_Gasoline,Gasoline price,level_change_y_tph_minus_y_tm1
0,0.154325252516382,0.171161237145824,-0.127209929196428,0.435860434229193,137,Israel,inv_OECD,OECD inventory,level_change_y_tph_minus_y_tm1
1,0.0216651742451439,0.254520441807295,-0.396983697594877,0.440314046085165,136,Israel,inv_OECD,OECD inventory,level_change_y_tph_minus_y_tm1
2,-0.164523174881984,0.315611705480137,-0.683658233349326,0.354611883585359,135,Israel,inv_OECD,OECD inventory,level_change_y_tph_minus_y_tm1
3,-0.301965629852139,0.360321912786669,-0.894642434969383,0.290711175265106,134,Israel,inv_OECD,OECD inventory,level_change_y_tph_minus_y_tm1
4,-0.544692180571485,0.355608736634898,-1.12961650080103,0.0402321396580579,133,Israel,inv_OECD,OECD inventory,level_change_y_tph_minus_y_tm1
5,-0.790635786397992,0.356494995022163,-1.37701787195024,-0.20425370084574,132,Israel,inv_OECD,OECD inventory,level_change_y_tph_minus_y_tm1
6,-0.704961739652776,0.381242302345574,-1.33204952341322,-0.0778739558923297,131,Israel,inv_OECD,OECD inventory,level_change_y_tph_minus_y_tm1
7,-0.602749491891434,0.372168137826461,-1.21491160323106,0.00941261944819605,130,Israel,inv_OECD,OECD inventory,level_change_y_tph_minus_y_tm1
8,-0.450651585460723,0.344086630808917,-1.01662372813228,0.115320557210837,129,Israel,inv_OECD,OECD inventory,level_change_y_tph_minus_y_tm1
9,-0.141268990579021,0.384934601186277,-0.774430065479386,0.491892084321345,128,Israel,inv_OECD,OECD inventory,level_change_y_tph_minus_y_tm1
10,0.38709658123066,0.400482017524692,-0.271637717823673,1.04583088028499,127,Israel,inv_OECD,OECD inventory,level_change_y_tph_minus_y_tm1
11,0.607586008079354,0.38295217147567,-0.022314260121343,1.23748627628005,126,Israel,inv_OECD,OECD inventory,level_change_y_tph_minus_y_tm1
12,0.777273504933918,0.342636024137272,0.213687397907494,1.34085961196034,125,Israel,inv_OECD,OECD inventory,level_change_y_tph_minus_y_tm1
0,-0.040836473297175,0.276174808321183,-0.495103608436901,0.413430661842551,137,Israel,inv_USA,U.S. inventory,level_change_y_tph_minus_y_tm1
1,-0.0910692959727348,0.386146925709772,-0.726224467262614,0.544085875317144,136,Israel,inv_USA,U.S. inventory,level_change_y_tph_minus_y_tm1
2,-0.425817618947115,0.44695670902569,-1.16099598287831,0.309360744984085,135,Israel,inv_USA,U.S. inventory,level_change_y_tph_minus_y_tm1
3,-0.662848093511688,0.55579821036975,-1.57705479569151,0.251358608668132,134,Israel,inv_USA,U.S. inventory,level_change_y_tph_minus_y_tm1
4,-0.831802063361775,0.527919231138577,-1.7001519254375,0.0365477987139472,133,Israel,inv_USA,U.S. inventory,level_change_y_tph_minus_y_tm1
5,-1.24722940068596,0.594421795061306,-2.22496624623156,-0.26949255514037,132,Israel,inv_USA,U.S. inventory,level_change_y_tph_minus_y_tm1
6,-1.05084845659226,0.691196272772374,-2.18776515279724,0.0860682396127208,131,Israel,inv_USA,U.S. inventory,level_change_y_tph_minus_y_tm1
7,-0.992488549982033,0.579772088620672,-1.94612877275498,-0.0388483272090905,130,Israel,inv_USA,U.S. inventory,level_change_y_tph_minus_y_tm1
8,-0.76755553950737,0.505303806000881,-1.5987063375203,0.0635952585055616,129,Israel,inv_USA,U.S. inventory,level_change_y_tph_minus_y_tm1
9,-0.400238894650819,0.589030048498467,-1.36910710630693,0.568629317005286,128,Israel,inv_USA,U.S. inventory,level_change_y_tph_minus_y_tm1
10,0.631823576116499,0.647300064038639,-0.432890281943377,1.69653743417638,127,Israel,inv_USA,U.S. inventory,level_change_y_tph_minus_y_tm1
11,1.15296677775417,0.646160828906203,0.0901267947338331,2.21580676077451,126,Israel,inv_USA,U.S. inventory,level_change_y_tph_minus_y_tm1
12,1.45240070383763,0.535423615772029,0.571707227479537,2.33309418019572,125,Israel,inv_USA,U.S. inventory,level_change_y_tph_minus_y_tm1
0,-0.0061138355071262,0.135900734775978,-0.229650652008763,0.217422980994511,137,Israel,WorldCP,World crude-oil production,level_change_y_tph_minus_y_tm1
1,-0.0814981899996901,0.158300419514114,-0.341879209185421,0.17888282918604,136,Israel,WorldCP,World crude-oil production,level_change_y_tph_minus_y_tm1
2,-0.0351395260014237,0.226352387432788,-0.407456071439371,0.337177019436523,135,Israel,WorldCP,World crude-oil production,level_change_y_tph_minus_y_tm1
3,0.146436153985812,0.233367513057823,-0.237419246279993,0.530291554251618,134,Israel,WorldCP,World crude-oil production,level_change_y_tph_minus_y_tm1
4,0.138544868259703,0.221338119062701,-0.225523939663197,0.502613676182603,133,Israel,WorldCP,World crude-oil production,level_change_y_tph_minus_y_tm1
5,0.277041924248006,0.210349393314131,-0.0689520382717847,0.623035886767796,132,Israel,WorldCP,World crude-oil production,level_change_y_tph_minus_y_tm1
6,0.408934279955887,0.193766612803761,0.0902165641035194,0.727651995808255,131,Israel,WorldCP,World crude-oil production,level_change_y_tph_minus_y_tm1
7,0.639672025144048,0.220842471093475,0.27641848558102,1.00292556470708,130,Israel,WorldCP,World crude-oil production,level_change_y_tph_minus_y_tm1
8,0.895072422741028,0.265156220961327,0.458929250984043,1.33121559449801,129,Israel,WorldCP,World crude-oil production,level_change_y_tph_minus_y_tm1
9,0.822737784734714,0.241264678400543,0.425892703412301,1.21958286605713,128,Israel,WorldCP,World crude-oil production,level_change_y_tph_minus_y_tm1
10,0.474692028137278,0.300926418514863,-0.0202878828024116,0.969671939076967,127,Israel,WorldCP,World crude-oil production,level_change_y_tph_minus_y_tm1
11,0.418481991168909,0.323923130388942,-0.114324144704818,0.951288127042636,126,Israel,WorldCP,World crude-oil production,level_change_y_tph_minus_y_tm1
12,0.456349858124952,0.272192210422013,0.0086335135843652,0.904066202665539,125,Israel,WorldCP,World crude-oil production,level_change_y_tph_minus_y_tm1
0,1.18496880959767,1.40283954036559,-1.1224968964036,3.49243451559894,137,Russia,Real_Brent,Brent crude oil price,level_change_y_tph_minus_y_tm1
1,-0.191963723096291,2.20902525755748,-3.82548693001712,3.44155948382453,136,Russia,Real_Brent,Brent crude oil price,level_change_y_tph_minus_y_tm1
2,-0.444240649679173,2.40903175248468,-4.40674526519486,3.51826396583652,135,Russia,Real_Brent,Brent crude oil price,level_change_y_tph_minus_y_tm1
3,1.43076069039084,2.69922915451552,-3.00907617438717,5.87059755516886,134,Russia,Real_Brent,Brent crude oil price,level_change_y_tph_minus_y_tm1
4,1.5234643109316,2.90726862048394,-3.25856702399362,6.30549564585682,133,Russia,Real_Brent,Brent crude oil price,level_change_y_tph_minus_y_tm1
5,4.4201138694711,3.29799618022759,-1.00460710924835,9.84483484819056,132,Russia,Real_Brent,Brent crude oil price,level_change_y_tph_minus_y_tm1
6,3.92555644255971,4.55012875393319,-3.55873934144348,11.4098522265629,131,Russia,Real_Brent,Brent crude oil price,level_change_y_tph_minus_y_tm1
7,3.32304319071767,4.80469312749879,-4.57997372643753,11.2260601078729,130,Russia,Real_Brent,Brent crude oil price,level_change_y_tph_minus_y_tm1
8,0.498368666986648,4.32416593039278,-6.6142513471599,7.61098868113319,129,Russia,Real_Brent,Brent crude oil price,level_change_y_tph_minus_y_tm1
9,-0.800586663819318,3.61353537946165,-6.74432343884428,5.14315011120565,128,Russia,Real_Brent,Brent crude oil price,level_change_y_tph_minus_y_tm1
10,-4.04691019828873,3.09169034610144,-9.13228827748453,1.03846788090707,127,Russia,Real_Brent,Brent crude oil price,level_change_y_tph_minus_y_tm1
11,-7.13529148905133,2.76987993244756,-11.6913385421578,-2.57924443594487,126,Russia,Real_Brent,Brent crude oil price,level_change_y_tph_minus_y_tm1
12,-5.75816337165596,2.72947209319207,-10.2477454438058,-1.26858129950616,125,Russia,Real_Brent,Brent crude oil price,level_change_y_tph_minus_y_tm1
0,1.02480093644345,1.39634063252874,-1.27197501743115,3.32157689031805,137,Russia,Real_WTI,WTI crude oil price,level_change_y_tph_minus_y_tm1
1,0.139913469413838,2.30352730955372,-3.64905178048736,3.92887871931504,136,Russia,Real_WTI,WTI crude oil price,level_change_y_tph_minus_y_tm1
2,-1.15436862828401,2.37305231506718,-5.05769233566785,2.74895507909984,135,Russia,Real_WTI,WTI crude oil price,level_change_y_tph_minus_y_tm1
3,1.1741763099333,2.69219178770048,-3.2540851165148,5.60243773638141,134,Russia,Real_WTI,WTI crude oil price,level_change_y_tph_minus_y_tm1
4,2.08083114230927,2.80879739941445,-2.53922944748945,6.70089173210799,133,Russia,Real_WTI,WTI crude oil price,level_change_y_tph_minus_y_tm1
5,4.7733361217629,3.10356952559561,-0.3315814689091,9.87825371243489,132,Russia,Real_WTI,WTI crude oil price,level_change_y_tph_minus_y_tm1
6,4.68706761980834,4.3964402882179,-2.54443313394244,11.9185683735591,131,Russia,Real_WTI,WTI crude oil price,level_change_y_tph_minus_y_tm1
7,3.8060030892955,4.57477906595564,-3.71883884984331,11.3308450284343,130,Russia,Real_WTI,WTI crude oil price,level_change_y_tph_minus_y_tm1
8,0.865178792906174,4.29146449644335,-6.19365214900215,7.9240097348145,129,Russia,Real_WTI,WTI crude oil price,level_change_y_tph_minus_y_tm1
9,0.0926485586430176,3.54317903593327,-5.73536232955024,5.92065944683628,128,Russia,Real_WTI,WTI crude oil price,level_change_y_tph_minus_y_tm1
10,-3.05916518853435,3.17739094540261,-8.28550820932261,2.16717783225391,127,Russia,Real_WTI,WTI crude oil price,level_change_y_tph_minus_y_tm1
11,-6.66746949447154,3.09698359927377,-11.7615542003462,-1.57338478859686,126,Russia,Real_WTI,WTI crude oil price,level_change_y_tph_minus_y_tm1
12,-5.46356648362951,2.90026629710597,-10.2340800215494,-0.693052945709639,125,Russia,Real_WTI,WTI crude oil price,level_change_y_tph_minus_y_tm1
0,0.84131716919683,0.917211890694778,-0.667362135895494,2.34999647428915,137,Russia,Real_Gasoline,Gasoline price,level_change_y_tph_minus_y_tm1
1,0.682746355115397,1.34594853011055,-1.53114196632695,2.89663467655775,136,Russia,Real_Gasoline,Gasoline price,level_change_y_tph_minus_y_tm1
2,-0.293328468207419,1.31804985426175,-2.46132755149271,1.87467061507788,135,Russia,Real_Gasoline,Gasoline price,level_change_y_tph_minus_y_tm1
3,0.185376995062649,1.47009453941803,-2.23271334006065,2.60346733018595,134,Russia,Real_Gasoline,Gasoline price,level_change_y_tph_minus_y_tm1
4,0.625786683371365,1.4764537069468,-1.80276355152602,3.05433691826875,133,Russia,Real_Gasoline,Gasoline price,level_change_y_tph_minus_y_tm1
5,1.81858198454837,1.4880805792311,-0.629092753395941,4.26625672249269,132,Russia,Real_Gasoline,Gasoline price,level_change_y_tph_minus_y_tm1
6,1.79641667769797,2.01404196827536,-1.51638755865224,5.10922091404818,131,Russia,Real_Gasoline,Gasoline price,level_change_y_tph_minus_y_tm1
7,1.46107359957714,2.27057544335108,-2.27369065368582,5.19583785284011,130,Russia,Real_Gasoline,Gasoline price,level_change_y_tph_minus_y_tm1
8,-0.378850091396981,2.3060830221697,-4.17201911446402,3.41431893167006,129,Russia,Real_Gasoline,Gasoline price,level_change_y_tph_minus_y_tm1
9,-1.33903592786441,2.06872944787131,-4.74179306337684,2.06372120764803,128,Russia,Real_Gasoline,Gasoline price,level_change_y_tph_minus_y_tm1
10,-2.58408347194306,2.06339836110028,-5.97807175004457,0.80990480615846,127,Russia,Real_Gasoline,Gasoline price,level_change_y_tph_minus_y_tm1
11,-4.83593448681979,2.1346684394385,-8.34715161176904,-1.32471736187054,126,Russia,Real_Gasoline,Gasoline price,level_change_y_tph_minus_y_tm1
12,-4.45731009100216,2.00361642647253,-7.75296583710504,-1.16165434489927,125,Russia,Real_Gasoline,Gasoline price,level_change_y_tph_minus_y_tm1
0,-0.116919652483319,0.146184766713734,-0.357372196217459,0.123532891250821,137,Russia,inv_OECD,OECD inventory,level_change_y_tph_minus_y_tm1
1,-0.212993675024155,0.199555300943554,-0.541232935558552,0.115245585510242,136,Russia,inv_OECD,OECD inventory,level_change_y_tph_minus_y_tm1
2,-0.30992036645841,0.225894931432384,-0.681484463734921,0.0616437308181008,135,Russia,inv_OECD,OECD inventory,level_change_y_tph_minus_y_tm1
3,-0.59435545377559,0.271365892478385,-1.04071262624958,-0.147998281301596,134,Russia,inv_OECD,OECD inventory,level_change_y_tph_minus_y_tm1
4,-0.792009460690648,0.319751842501581,-1.31795443855379,-0.266064482827507,133,Russia,inv_OECD,OECD inventory,level_change_y_tph_minus_y_tm1
5,-1.08455506002536,0.366552265951748,-1.68747988414337,-0.481630235907341,132,Russia,inv_OECD,OECD inventory,level_change_y_tph_minus_y_tm1
6,-0.924640236805275,0.372979555136993,-1.5381370108511,-0.311143462759445,131,Russia,inv_OECD,OECD inventory,level_change_y_tph_minus_y_tm1
7,-0.709179920179348,0.299687883679904,-1.20212262260365,-0.216237217755047,130,Russia,inv_OECD,OECD inventory,level_change_y_tph_minus_y_tm1
8,-0.504947233077595,0.342891493749532,-1.06895355022232,0.0590590840671298,129,Russia,inv_OECD,OECD inventory,level_change_y_tph_minus_y_tm1
9,-0.260650819267412,0.300707331744646,-0.755270364538493,0.233968726003669,128,Russia,inv_OECD,OECD inventory,level_change_y_tph_minus_y_tm1
10,0.178178911645192,0.297788499684367,-0.311639582125076,0.66799740541546,127,Russia,inv_OECD,OECD inventory,level_change_y_tph_minus_y_tm1
11,0.439872926645689,0.28012026777317,-0.0208839117836265,0.900629765075005,126,Russia,inv_OECD,OECD inventory,level_change_y_tph_minus_y_tm1
12,0.508689675114524,0.228290187376299,0.133185732411188,0.88419361781786,125,Russia,inv_OECD,OECD inventory,level_change_y_tph_minus_y_tm1
0,-0.439738079539728,0.218806400535404,-0.799642581060585,-0.0798335780188714,137,Russia,inv_USA,U.S. inventory,level_change_y_tph_minus_y_tm1
1,-0.460056410355974,0.300529911707224,-0.954384125635008,0.03427130492306,136,Russia,inv_USA,U.S. inventory,level_change_y_tph_minus_y_tm1
2,-0.728578418566459,0.36193169960842,-1.32390308737608,-0.133253749756839,135,Russia,inv_USA,U.S. inventory,level_change_y_tph_minus_y_tm1
3,-1.26169652811938,0.431019328090861,-1.97066023321582,-0.552732823022943,134,Russia,inv_USA,U.S. inventory,level_change_y_tph_minus_y_tm1
4,-1.10544478999707,0.484270694947822,-1.9019991990083,-0.308890380985832,133,Russia,inv_USA,U.S. inventory,level_change_y_tph_minus_y_tm1
5,-1.51108105139139,0.537588794876707,-2.39533593045281,-0.626826172329968,132,Russia,inv_USA,U.S. inventory,level_change_y_tph_minus_y_tm1
6,-1.68690994427276,0.564414462773161,-2.61528912046906,-0.758530768076458,131,Russia,inv_USA,U.S. inventory,level_change_y_tph_minus_y_tm1
7,-1.40706374825438,0.50241032138244,-2.23345518759814,-0.580672308910617,130,Russia,inv_USA,U.S. inventory,level_change_y_tph_minus_y_tm1
8,-0.946010675528166,0.505698199081236,-1.77781019242977,-0.114211158626566,129,Russia,inv_USA,U.S. inventory,level_change_y_tph_minus_y_tm1
9,-0.623682234397944,0.435034454061079,-1.33925023400916,0.0918857652132752,128,Russia,inv_USA,U.S. inventory,level_change_y_tph_minus_y_tm1
10,0.104813683717295,0.499004602082721,-0.715975845883944,0.925603213318534,127,Russia,inv_USA,U.S. inventory,level_change_y_tph_minus_y_tm1
11,0.671850812414634,0.409655758499381,-0.00197294775462986,1.3456745725839,126,Russia,inv_USA,U.S. inventory,level_change_y_tph_minus_y_tm1
12,0.795802055567449,0.357021087456197,0.208554624966964,1.38304948616793,125,Russia,inv_USA,U.S. inventory,level_change_y_tph_minus_y_tm1
0,0.0500966399432431,0.0955501751926697,-0.107069412278268,0.207262692164754,137,Russia,WorldCP,World crude-oil production,level_change_y_tph_minus_y_tm1
1,-0.210196944450462,0.133193451850079,-0.429280676812251,0.00888678791132566,136,Russia,WorldCP,World crude-oil production,level_change_y_tph_minus_y_tm1
2,-0.256227484426005,0.148047909305969,-0.49974462501051,-0.0127103438414996,135,Russia,WorldCP,World crude-oil production,level_change_y_tph_minus_y_tm1
3,0.0858437531347959,0.274006520035553,-0.364856865154035,0.536544371423626,134,Russia,WorldCP,World crude-oil production,level_change_y_tph_minus_y_tm1
4,0.111321144038613,0.317354249711229,-0.410680144627364,0.633322432704591,133,Russia,WorldCP,World crude-oil production,level_change_y_tph_minus_y_tm1
5,0.174259685813442,0.296359180857373,-0.313207787700176,0.66172715932706,132,Russia,WorldCP,World crude-oil production,level_change_y_tph_minus_y_tm1
6,0.403300337800236,0.306005328626582,-0.100033636857675,0.906634312458147,131,Russia,WorldCP,World crude-oil production,level_change_y_tph_minus_y_tm1
7,0.594373117529662,0.277500611061878,0.137925230943283,1.05082100411604,130,Russia,WorldCP,World crude-oil production,level_change_y_tph_minus_y_tm1
8,0.580243578881574,0.211529756651752,0.232308091444778,0.92817906631837,129,Russia,WorldCP,World crude-oil production,level_change_y_tph_minus_y_tm1
9,0.587866502802276,0.157611449867554,0.32861873783855,0.847114267766003,128,Russia,WorldCP,World crude-oil production,level_change_y_tph_minus_y_tm1
10,0.513125423126093,0.215950429259443,0.15791857631697,0.868332269935215,127,Russia,WorldCP,World crude-oil production,level_change_y_tph_minus_y_tm1
11,0.37448114647285,0.247549611074809,-0.0327017291539753,0.781664022099676,126,Russia,WorldCP,World crude-oil production,level_change_y_tph_minus_y_tm1
12,0.0626232553255129,0.245982321602017,-0.341981658527508,0.467228169178534,125,Russia,WorldCP,World crude-oil production,level_change_y_tph_minus_y_tm1
0,1.49881597793923,1.21434625124447,-0.498605857795159,3.49623781367363,137,China,Real_Brent,Brent crude oil price,level_change_y_tph_minus_y_tm1
1,2.69510999814151,1.6810586703942,-0.0699854529746209,5.46020544925763,136,China,Real_Brent,Brent crude oil price,level_change_y_tph_minus_y_tm1
2,3.79530624368522,1.90445097918648,0.662763143219057,6.92784934415139,135,China,Real_Brent,Brent crude oil price,level_change_y_tph_minus_y_tm1
3,5.69199423692167,2.06293837545807,2.29876256787208,9.08522590597126,134,China,Real_Brent,Brent crude oil price,level_change_y_tph_minus_y_tm1
4,8.71288158118419,1.9868626866343,5.44478328481921,11.9809798775492,133,China,Real_Brent,Brent crude oil price,level_change_y_tph_minus_y_tm1
5,8.73904385970418,2.22274609078196,5.08295189048927,12.3951358289191,132,China,Real_Brent,Brent crude oil price,level_change_y_tph_minus_y_tm1
6,11.075139942522,2.80543890786253,6.46060357973356,15.6896763053105,131,China,Real_Brent,Brent crude oil price,level_change_y_tph_minus_y_tm1
7,11.084663457237,2.96675798816452,6.2047808201173,15.9645460943566,130,China,Real_Brent,Brent crude oil price,level_change_y_tph_minus_y_tm1
8,7.29622868749045,2.47442308053851,3.22616490885425,11.3662924661266,129,China,Real_Brent,Brent crude oil price,level_change_y_tph_minus_y_tm1
9,7.81050045340547,2.34700404980369,3.95002232961607,11.6709785771949,128,China,Real_Brent,Brent crude oil price,level_change_y_tph_minus_y_tm1
10,6.53662675582782,2.200439891213,2.91722521987742,10.1560282917782,127,China,Real_Brent,Brent crude oil price,level_change_y_tph_minus_y_tm1
11,2.22653290693205,2.72961330785439,-2.26328144266725,6.71634725653134,126,China,Real_Brent,Brent crude oil price,level_change_y_tph_minus_y_tm1
12,3.50133828420387,3.1523224653077,-1.68377075617812,8.68644732458585,125,China,Real_Brent,Brent crude oil price,level_change_y_tph_minus_y_tm1
0,1.39698854202111,1.20560316211422,-0.586052191846631,3.38002927588885,137,China,Real_WTI,WTI crude oil price,level_change_y_tph_minus_y_tm1
1,2.82814791889613,1.63999617310253,0.130594265381907,5.52570157241036,136,China,Real_WTI,WTI crude oil price,level_change_y_tph_minus_y_tm1
2,3.15748928290018,1.83399525794095,0.140835531064216,6.17414303473615,135,China,Real_WTI,WTI crude oil price,level_change_y_tph_minus_y_tm1
3,5.23344764901324,1.89979665089777,2.10856023731379,8.3583350607127,134,China,Real_WTI,WTI crude oil price,level_change_y_tph_minus_y_tm1
4,9.05090768031974,1.90819842773604,5.91220057551503,12.1896147851245,133,China,Real_WTI,WTI crude oil price,level_change_y_tph_minus_y_tm1
5,8.86271745650995,2.13186561038393,5.35611057509683,12.3693243379231,132,China,Real_WTI,WTI crude oil price,level_change_y_tph_minus_y_tm1
6,11.303647648937,2.66460258740824,6.92076641865427,15.6865288792197,131,China,Real_WTI,WTI crude oil price,level_change_y_tph_minus_y_tm1
7,10.87589154179,2.95243155209528,6.01957379500012,15.7322092885799,130,China,Real_WTI,WTI crude oil price,level_change_y_tph_minus_y_tm1
8,7.22543748731933,2.48463928453391,3.13856954848761,11.3123054261511,129,China,Real_WTI,WTI crude oil price,level_change_y_tph_minus_y_tm1
9,7.82488031161222,2.35867680211568,3.94520221884595,11.7045584043785,128,China,Real_WTI,WTI crude oil price,level_change_y_tph_minus_y_tm1
10,7.19143064613416,2.22424516417186,3.5328729206168,10.8499883716515,127,China,Real_WTI,WTI crude oil price,level_change_y_tph_minus_y_tm1
11,2.93474299070993,2.86463255462461,-1.77715825664763,7.64664423806748,126,China,Real_WTI,WTI crude oil price,level_change_y_tph_minus_y_tm1
12,3.94974605398064,3.06016760812435,-1.08378173532212,8.98327384328339,125,China,Real_WTI,WTI crude oil price,level_change_y_tph_minus_y_tm1
0,0.462830713044657,0.774109157271108,-0.810465541949073,1.73612696803839,137,China,Real_Gasoline,Gasoline price,level_change_y_tph_minus_y_tm1
1,1.71390672910204,0.983336441160763,0.0964622173452039,3.33135124085887,136,China,Real_Gasoline,Gasoline price,level_change_y_tph_minus_y_tm1
2,1.60307203473465,0.964611349267314,0.0164275582937514,3.18971651117554,135,China,Real_Gasoline,Gasoline price,level_change_y_tph_minus_y_tm1
3,2.03179093760372,1.11232072701752,0.202186155435662,3.86139571977179,134,China,Real_Gasoline,Gasoline price,level_change_y_tph_minus_y_tm1
4,4.09681144663822,0.90044158698742,2.61571683642402,5.57790605685241,133,China,Real_Gasoline,Gasoline price,level_change_y_tph_minus_y_tm1
5,4.10669655194229,1.12017702550687,2.26416930870959,5.94922379517498,132,China,Real_Gasoline,Gasoline price,level_change_y_tph_minus_y_tm1
6,5.19399757651801,1.41365439558521,2.86874301668379,7.51925213635223,131,China,Real_Gasoline,Gasoline price,level_change_y_tph_minus_y_tm1
7,5.66386135229437,1.79884591279939,2.70502312829946,8.62269957628929,130,China,Real_Gasoline,Gasoline price,level_change_y_tph_minus_y_tm1
8,3.96916284472123,1.49336223740553,1.51280055217238,6.42552513727008,129,China,Real_Gasoline,Gasoline price,level_change_y_tph_minus_y_tm1
9,3.6507700298269,1.31257901280379,1.4917696799562,5.80977037969759,128,China,Real_Gasoline,Gasoline price,level_change_y_tph_minus_y_tm1
10,3.42206040074707,1.08707037298322,1.63398875499413,5.21013204650001,127,China,Real_Gasoline,Gasoline price,level_change_y_tph_minus_y_tm1
11,0.590050461849691,1.16832513507733,-1.33167337404083,2.51177429774021,126,China,Real_Gasoline,Gasoline price,level_change_y_tph_minus_y_tm1
12,0.924262157713785,1.42347222269385,-1.41714129064886,3.26566560607643,125,China,Real_Gasoline,Gasoline price,level_change_y_tph_minus_y_tm1
0,-0.0651045982089387,0.149823148262671,-0.311541747030081,0.181332550612204,137,China,inv_OECD,OECD inventory,level_change_y_tph_minus_y_tm1
1,-0.0664868013023124,0.201463850408644,-0.397865346346579,0.264891743741954,136,China,inv_OECD,OECD inventory,level_change_y_tph_minus_y_tm1
2,-0.0681162551305342,0.26236005039102,-0.499660135583374,0.363427625322305,135,China,inv_OECD,OECD inventory,level_change_y_tph_minus_y_tm1
3,-0.253831970621136,0.27018530231357,-0.698247245080592,0.19058330383832,134,China,inv_OECD,OECD inventory,level_change_y_tph_minus_y_tm1
4,-0.315147614764211,0.303641843345739,-0.814594002085681,0.184298772557259,133,China,inv_OECD,OECD inventory,level_change_y_tph_minus_y_tm1
5,-0.479937678362482,0.307664411628816,-0.98600060171403,0.0261252449890671,132,China,inv_OECD,OECD inventory,level_change_y_tph_minus_y_tm1
6,-0.483543020124146,0.322568464812807,-1.01412092941166,0.047034889163367,131,China,inv_OECD,OECD inventory,level_change_y_tph_minus_y_tm1
7,-0.379731191783604,0.297554972501166,-0.869165567519593,0.109703183952384,130,China,inv_OECD,OECD inventory,level_change_y_tph_minus_y_tm1
8,-0.294512426782201,0.343259785200512,-0.859124529455846,0.270099675891444,129,China,inv_OECD,OECD inventory,level_change_y_tph_minus_y_tm1
9,-0.164500730616464,0.324830890791629,-0.698799999480953,0.369798538248024,128,China,inv_OECD,OECD inventory,level_change_y_tph_minus_y_tm1
10,0.0668163445967965,0.368171425646047,-0.538771760216999,0.672404449410592,127,China,inv_OECD,OECD inventory,level_change_y_tph_minus_y_tm1
11,0.417975651780541,0.286917518474421,-0.0539616691180269,0.889912972679108,126,China,inv_OECD,OECD inventory,level_change_y_tph_minus_y_tm1
12,0.332912899998004,0.295381153940065,-0.152945862393424,0.818771662389431,125,China,inv_OECD,OECD inventory,level_change_y_tph_minus_y_tm1
0,-0.322460604071162,0.251265176932213,-0.735755041674716,0.090833833532392,137,China,inv_USA,U.S. inventory,level_change_y_tph_minus_y_tm1
1,-0.110758223730034,0.339256813995136,-0.668786024697934,0.447269577237866,136,China,inv_USA,U.S. inventory,level_change_y_tph_minus_y_tm1
2,-0.360700429748196,0.398868064190166,-1.0167800118065,0.295379152310111,135,China,inv_USA,U.S. inventory,level_change_y_tph_minus_y_tm1
3,-0.786719100508736,0.418794673338206,-1.47557503789704,-0.0978631631204302,134,China,inv_USA,U.S. inventory,level_change_y_tph_minus_y_tm1
4,-0.577202324733762,0.446502365792859,-1.31163336055056,0.157228711083034,133,China,inv_USA,U.S. inventory,level_change_y_tph_minus_y_tm1
5,-0.577439360417621,0.463489983297393,-1.33981254050002,0.184933819664773,132,China,inv_USA,U.S. inventory,level_change_y_tph_minus_y_tm1
6,-0.872172506288487,0.502285590773105,-1.69835878203709,-0.0459862305398824,131,China,inv_USA,U.S. inventory,level_change_y_tph_minus_y_tm1
7,-1.00998532851134,0.460338831782642,-1.76717532559562,-0.252795331427052,130,China,inv_USA,U.S. inventory,level_change_y_tph_minus_y_tm1
8,-0.541390897873193,0.451373597654921,-1.28383439708602,0.201052601339639,129,China,inv_USA,U.S. inventory,level_change_y_tph_minus_y_tm1
9,-0.139119870515,0.455131819148614,-0.88774509398262,0.60950535295262,128,China,inv_USA,U.S. inventory,level_change_y_tph_minus_y_tm1
10,0.0421683515268809,0.584212776751531,-0.918776153224267,1.00311285627803,127,China,inv_USA,U.S. inventory,level_change_y_tph_minus_y_tm1
11,0.468607055349164,0.550604844810615,-0.437057320654628,1.37427143135296,126,China,inv_USA,U.S. inventory,level_change_y_tph_minus_y_tm1
12,0.547109495609324,0.429810855716197,-0.159866449318579,1.25408544053723,125,China,inv_USA,U.S. inventory,level_change_y_tph_minus_y_tm1
0,-0.056171446109353,0.140067403564449,-0.286561822880012,0.174218930661306,137,China,WorldCP,World crude-oil production,level_change_y_tph_minus_y_tm1
1,-0.151887859694373,0.139290856084207,-0.381000929525657,0.0772252101369106,136,China,WorldCP,World crude-oil production,level_change_y_tph_minus_y_tm1
2,0.0280524497297382,0.177044157037297,-0.263159274103626,0.319264173563102,135,China,WorldCP,World crude-oil production,level_change_y_tph_minus_y_tm1
3,-0.125067347509946,0.198944100219356,-0.452301272316352,0.20216657729646,134,China,WorldCP,World crude-oil production,level_change_y_tph_minus_y_tm1
4,-0.0515164763069086,0.227393238419554,-0.425545069265553,0.322512116651736,133,China,WorldCP,World crude-oil production,level_change_y_tph_minus_y_tm1
5,0.191070985152767,0.249477615497804,-0.219283175542,0.601425145847535,132,China,WorldCP,World crude-oil production,level_change_y_tph_minus_y_tm1
6,0.367998980001471,0.251048874411685,-0.0449396716166742,0.780937631619615,131,China,WorldCP,World crude-oil production,level_change_y_tph_minus_y_tm1
7,0.420071149744589,0.220474351826868,0.0574231124923894,0.782719186996788,130,China,WorldCP,World crude-oil production,level_change_y_tph_minus_y_tm1
8,0.0921988265828826,0.195078602093257,-0.228676919610835,0.4130745727766,129,China,WorldCP,World crude-oil production,level_change_y_tph_minus_y_tm1
9,0.111170147172447,0.197944065171254,-0.214418866358008,0.436759160702902,128,China,WorldCP,World crude-oil production,level_change_y_tph_minus_y_tm1
10,0.103549692309164,0.23821958515079,-0.288286656336988,0.495386040955317,127,China,WorldCP,World crude-oil production,level_change_y_tph_minus_y_tm1
11,-0.110429107205632,0.177068686344361,-0.401681178158688,0.180822963747423,126,China,WorldCP,World crude-oil production,level_change_y_tph_minus_y_tm1
12,-0.560169435412931,0.219404558577753,-0.921057819359234,-0.199281051466628,125,China,WorldCP,World crude-oil production,level_change_y_tph_minus_y_tm1
0,2.77046403650071,1.32231373554844,0.595451492616105,4.94547658038531,137,Venezuela,Real_Brent,Brent crude oil price,level_change_y_tph_minus_y_tm1
1,3.8678638423311,2.05165871562041,0.493185562676265,7.24254212198593,136,Venezuela,Real_Brent,Brent crude oil price,level_change_y_tph_minus_y_tm1
2,3.74473815468722,2.40666154482118,-0.21386781615653,7.70334412553097,135,Venezuela,Real_Brent,Brent crude oil price,level_change_y_tph_minus_y_tm1
3,3.24780741477667,2.39679172109242,-0.694564140709456,7.1901789702628,134,Venezuela,Real_Brent,Brent crude oil price,level_change_y_tph_minus_y_tm1
4,2.97804481034662,3.29741250591818,-2.44571610956804,8.40180573026128,133,Venezuela,Real_Brent,Brent crude oil price,level_change_y_tph_minus_y_tm1
5,1.86110839053648,2.5991602282074,-2.41412973785848,6.13634651893143,132,Venezuela,Real_Brent,Brent crude oil price,level_change_y_tph_minus_y_tm1
6,6.51522482991534,2.09620503027508,3.06727438303344,9.96317527679723,131,Venezuela,Real_Brent,Brent crude oil price,level_change_y_tph_minus_y_tm1
7,9.51248491103115,3.05301385626415,4.49072399642196,14.5342458256403,130,Venezuela,Real_Brent,Brent crude oil price,level_change_y_tph_minus_y_tm1
8,10.7932646647118,3.40899262952366,5.18597077378895,16.4005585556346,129,Venezuela,Real_Brent,Brent crude oil price,level_change_y_tph_minus_y_tm1
9,10.5607229757181,2.69329952225218,6.13063948807498,14.9908064633613,128,Venezuela,Real_Brent,Brent crude oil price,level_change_y_tph_minus_y_tm1
10,10.2099355928245,2.53770078143543,6.03578925836287,14.3840819272862,127,Venezuela,Real_Brent,Brent crude oil price,level_change_y_tph_minus_y_tm1
11,6.84064568916742,3.62126091151021,0.884201544732251,12.7970898336026,126,Venezuela,Real_Brent,Brent crude oil price,level_change_y_tph_minus_y_tm1
12,8.45588958629125,3.09178623853744,3.37035377807429,13.5414253945082,125,Venezuela,Real_Brent,Brent crude oil price,level_change_y_tph_minus_y_tm1
0,2.54990718810413,1.33090171626362,0.360768672991972,4.73904570321629,137,Venezuela,Real_WTI,WTI crude oil price,level_change_y_tph_minus_y_tm1
1,3.9905178643869,2.05781272466732,0.605717140630966,7.37531858814284,136,Venezuela,Real_WTI,WTI crude oil price,level_change_y_tph_minus_y_tm1
2,4.0529441327676,2.35253173634141,0.183373773727988,7.92251449180721,135,Venezuela,Real_WTI,WTI crude oil price,level_change_y_tph_minus_y_tm1
3,2.87586257393564,2.27215313217347,-0.86149674650904,6.61322189438031,134,Venezuela,Real_WTI,WTI crude oil price,level_change_y_tph_minus_y_tm1
4,2.64399933521409,3.15119094467436,-2.53924851935017,7.82724718977835,133,Venezuela,Real_WTI,WTI crude oil price,level_change_y_tph_minus_y_tm1
5,1.56650310576914,2.52197004727604,-2.58176847355582,5.71477468509411,132,Venezuela,Real_WTI,WTI crude oil price,level_change_y_tph_minus_y_tm1
6,6.33603343333638,2.00150160530204,3.04385625850612,9.62821060816664,131,Venezuela,Real_WTI,WTI crude oil price,level_change_y_tph_minus_y_tm1
7,8.98487690695986,2.97893341149962,4.08496748060779,13.8847863333119,130,Venezuela,Real_WTI,WTI crude oil price,level_change_y_tph_minus_y_tm1
8,10.6391336610202,3.37156029423381,5.09341048256416,16.1848568394763,129,Venezuela,Real_WTI,WTI crude oil price,level_change_y_tph_minus_y_tm1
9,10.4148966926275,2.52613456942877,6.25977508393512,14.5700183013199,128,Venezuela,Real_WTI,WTI crude oil price,level_change_y_tph_minus_y_tm1
10,10.2308092224794,2.40690684161095,6.27179977432127,14.1898186706374,127,Venezuela,Real_WTI,WTI crude oil price,level_change_y_tph_minus_y_tm1
11,6.80666176120931,3.64212100924617,0.815905809354589,12.797417713064,126,Venezuela,Real_WTI,WTI crude oil price,level_change_y_tph_minus_y_tm1
12,7.50257258326103,2.92177087905299,2.69668715572953,12.3084580107925,125,Venezuela,Real_WTI,WTI crude oil price,level_change_y_tph_minus_y_tm1
0,1.55651748631415,0.913703147427762,0.053609550310622,3.05942542231768,137,Venezuela,Real_Gasoline,Gasoline price,level_change_y_tph_minus_y_tm1
1,2.71548948357217,1.23030410925543,0.691819307210078,4.73915965993425,136,Venezuela,Real_Gasoline,Gasoline price,level_change_y_tph_minus_y_tm1
2,2.38163516852143,1.22228632402758,0.371153075271485,4.39211726177137,135,Venezuela,Real_Gasoline,Gasoline price,level_change_y_tph_minus_y_tm1
3,2.1280083299705,1.06591157433856,0.37473981091017,3.88127684903083,134,Venezuela,Real_Gasoline,Gasoline price,level_change_y_tph_minus_y_tm1
4,1.15110231800025,1.80824211731422,-1.82319128707044,4.12539592307095,133,Venezuela,Real_Gasoline,Gasoline price,level_change_y_tph_minus_y_tm1
5,1.27557911327365,1.73327545209221,-1.57540530060617,4.12656352715347,132,Venezuela,Real_Gasoline,Gasoline price,level_change_y_tph_minus_y_tm1
6,2.97013500924894,1.14125891482899,1.09293114390177,4.8473388745961,131,Venezuela,Real_Gasoline,Gasoline price,level_change_y_tph_minus_y_tm1
7,5.11353860226338,1.60279675581532,2.47717254519448,7.74990465933227,130,Venezuela,Real_Gasoline,Gasoline price,level_change_y_tph_minus_y_tm1
8,5.98300069156706,2.04274248533493,2.62298830563604,9.34301307749808,129,Venezuela,Real_Gasoline,Gasoline price,level_change_y_tph_minus_y_tm1
9,5.37808085148286,1.74207440073852,2.51262345500879,8.24353824795693,128,Venezuela,Real_Gasoline,Gasoline price,level_change_y_tph_minus_y_tm1
10,4.64651210043181,1.24354994345249,2.60105446564868,6.69196973521493,127,Venezuela,Real_Gasoline,Gasoline price,level_change_y_tph_minus_y_tm1
11,3.56007779054416,1.59071192013511,0.94358951927499,6.17656606181333,126,Venezuela,Real_Gasoline,Gasoline price,level_change_y_tph_minus_y_tm1
12,3.46828256172005,1.43010807324457,1.11596411051114,5.82060101292896,125,Venezuela,Real_Gasoline,Gasoline price,level_change_y_tph_minus_y_tm1
0,-0.132989871175849,0.139786610363345,-0.36291838423125,0.0969386418795523,137,Venezuela,inv_OECD,OECD inventory,level_change_y_tph_minus_y_tm1
1,-0.142960741501774,0.198305667771479,-0.469144538380725,0.183223055377178,136,Venezuela,inv_OECD,OECD inventory,level_change_y_tph_minus_y_tm1
2,-0.0952808060060295,0.249164553836702,-0.505120026092075,0.314558414080016,135,Venezuela,inv_OECD,OECD inventory,level_change_y_tph_minus_y_tm1
3,-0.0536102446488081,0.307337715155652,-0.559135800121561,0.451915310823945,134,Venezuela,inv_OECD,OECD inventory,level_change_y_tph_minus_y_tm1
4,0.0501778902073358,0.360879439426308,-0.543415964625241,0.643771745039913,133,Venezuela,inv_OECD,OECD inventory,level_change_y_tph_minus_y_tm1
5,0.0192616721571651,0.395145973961442,-0.630695616288585,0.669218960602915,132,Venezuela,inv_OECD,OECD inventory,level_change_y_tph_minus_y_tm1
6,-0.139649852379977,0.374703857194483,-0.755982850919029,0.476683146159075,131,Venezuela,inv_OECD,OECD inventory,level_change_y_tph_minus_y_tm1
7,-0.365608328865098,0.305972000049983,-0.868887482892909,0.137670825162713,130,Venezuela,inv_OECD,OECD inventory,level_change_y_tph_minus_y_tm1
8,-0.536389610772416,0.286076194820024,-1.00694307740661,-0.0658361441382235,129,Venezuela,inv_OECD,OECD inventory,level_change_y_tph_minus_y_tm1
9,-0.492366256276366,0.275628252661734,-0.945734387357316,-0.0389981251954156,128,Venezuela,inv_OECD,OECD inventory,level_change_y_tph_minus_y_tm1
10,-0.245065436280281,0.297936009692268,-0.735126562422056,0.244995689861494,127,Venezuela,inv_OECD,OECD inventory,level_change_y_tph_minus_y_tm1
11,-0.00433269484330677,0.440750602698285,-0.729302922272629,0.720637532586015,126,Venezuela,inv_OECD,OECD inventory,level_change_y_tph_minus_y_tm1
12,0.0278050945981685,0.455729099849564,-0.721802568196717,0.777412757393054,125,Venezuela,inv_OECD,OECD inventory,level_change_y_tph_minus_y_tm1
0,-0.29467424693437,0.247252144301421,-0.701367833260092,0.112019339391351,137,Venezuela,inv_USA,U.S. inventory,level_change_y_tph_minus_y_tm1
1,-0.565203707405997,0.313192441204622,-1.08035943025521,-0.0500479845567882,136,Venezuela,inv_USA,U.S. inventory,level_change_y_tph_minus_y_tm1
2,-0.3397786328022,0.371119983093952,-0.950216683028456,0.270659417424055,135,Venezuela,inv_USA,U.S. inventory,level_change_y_tph_minus_y_tm1
3,-0.277932186855859,0.470616561057728,-1.05202754421509,0.496163170503373,134,Venezuela,inv_USA,U.S. inventory,level_change_y_tph_minus_y_tm1
4,0.0719168564581417,0.602227234748407,-0.918658794866732,1.06249250778302,133,Venezuela,inv_USA,U.S. inventory,level_change_y_tph_minus_y_tm1
5,0.148521059133612,0.646670490348155,-0.915157242358038,1.21219936062526,132,Venezuela,inv_USA,U.S. inventory,level_change_y_tph_minus_y_tm1
6,-0.371890599896684,0.611289304587256,-1.37737202966368,0.633590829870307,131,Venezuela,inv_USA,U.S. inventory,level_change_y_tph_minus_y_tm1
7,-0.526915422532218,0.526538593762723,-1.39299433821276,0.339163493148325,130,Venezuela,inv_USA,U.S. inventory,level_change_y_tph_minus_y_tm1
8,-0.646663095247009,0.429394955831347,-1.35295494574087,0.0596287552468486,129,Venezuela,inv_USA,U.S. inventory,level_change_y_tph_minus_y_tm1
9,-0.672480842470493,0.345938802586542,-1.24149953660822,-0.10346214833277,128,Venezuela,inv_USA,U.S. inventory,level_change_y_tph_minus_y_tm1
10,-0.576223645856467,0.420962696564855,-1.26864566411244,0.116198372399507,127,Venezuela,inv_USA,U.S. inventory,level_change_y_tph_minus_y_tm1
11,0.0778683194036829,0.590134514603113,-0.892816577330494,1.04855321613786,126,Venezuela,inv_USA,U.S. inventory,level_change_y_tph_minus_y_tm1
12,0.196656875780868,0.57031114675695,-0.741421482453155,1.13473523401489,125,Venezuela,inv_USA,U.S. inventory,level_change_y_tph_minus_y_tm1
0,0.0211543568875351,0.109081438986854,-0.158268643663078,0.200577357438148,137,Venezuela,WorldCP,World crude-oil production,level_change_y_tph_minus_y_tm1
1,0.0387988956970414,0.106169834508355,-0.135834941666864,0.213432733060946,136,Venezuela,WorldCP,World crude-oil production,level_change_y_tph_minus_y_tm1
2,-0.112922056976451,0.134160424915692,-0.333596318492378,0.107752204539476,135,Venezuela,WorldCP,World crude-oil production,level_change_y_tph_minus_y_tm1
3,-0.0967700054412268,0.198897327554453,-0.423926996060124,0.23038698517767,134,Venezuela,WorldCP,World crude-oil production,level_change_y_tph_minus_y_tm1
4,-0.07947869344363,0.202503888793212,-0.412567949396923,0.253610562509663,133,Venezuela,WorldCP,World crude-oil production,level_change_y_tph_minus_y_tm1
5,-0.124746837171759,0.221656206328648,-0.489338852087739,0.239845177744222,132,Venezuela,WorldCP,World crude-oil production,level_change_y_tph_minus_y_tm1
6,-0.234049150472844,0.221387541589046,-0.598199251217456,0.130100950271768,131,Venezuela,WorldCP,World crude-oil production,level_change_y_tph_minus_y_tm1
7,-0.225771431708522,0.3403315731392,-0.785567054152636,0.334024190735591,130,Venezuela,WorldCP,World crude-oil production,level_change_y_tph_minus_y_tm1
8,-0.0233458268430653,0.309498612926473,-0.532425742851624,0.485734089165494,129,Venezuela,WorldCP,World crude-oil production,level_change_y_tph_minus_y_tm1
9,0.0349872316179991,0.286347202418707,-0.436012002847819,0.505986466083817,128,Venezuela,WorldCP,World crude-oil production,level_change_y_tph_minus_y_tm1
10,-0.0455264931308942,0.302393710691305,-0.542919884928802,0.451866898667013,127,Venezuela,WorldCP,World crude-oil production,level_change_y_tph_minus_y_tm1
11,-0.50111302854965,0.163501792306964,-0.770049544638826,-0.232176512460473,126,Venezuela,WorldCP,World crude-oil production,level_change_y_tph_minus_y_tm1
12,-0.472471081817659,0.331106249299225,-1.01709239688379,0.0721502332484686,125,Venezuela,WorldCP,World crude-oil production,level_change_y_tph_minus_y_tm1
0,-3.70786249334948,1.52845411817576,-6.2219457932598,-1.19377919343916,137,SaudiArabia,Real_Brent,Brent crude oil price,level_change_y_tph_minus_y_tm1
1,-5.13731239269259,2.5438017007113,-9.3214938463529,-0.953130939032288,136,SaudiArabia,Real_Brent,Brent crude oil price,level_change_y_tph_minus_y_tm1
2,-1.85132530770852,2.80618217043116,-6.46708422862876,2.76443361321172,135,SaudiArabia,Real_Brent,Brent crude oil price,level_change_y_tph_minus_y_tm1
3,-0.903180346890739,2.18467434155111,-4.4966498612989,2.69028916751742,134,SaudiArabia,Real_Brent,Brent crude oil price,level_change_y_tph_minus_y_tm1
4,1.73300774002282,1.99811107851914,-1.55359251453131,5.01960799457695,133,SaudiArabia,Real_Brent,Brent crude oil price,level_change_y_tph_minus_y_tm1
5,3.13959981717862,2.31739297638845,-0.672172425105787,6.95137205946303,132,SaudiArabia,Real_Brent,Brent crude oil price,level_change_y_tph_minus_y_tm1
6,3.48289516934646,2.70747304626819,-0.970501690681119,7.93629202937404,131,SaudiArabia,Real_Brent,Brent crude oil price,level_change_y_tph_minus_y_tm1
7,4.5866820663165,2.68792735121666,0.165435013685711,9.00792911894728,130,SaudiArabia,Real_Brent,Brent crude oil price,level_change_y_tph_minus_y_tm1
8,3.52267845779543,2.76033355502493,-1.01766620178317,8.06302311737404,129,SaudiArabia,Real_Brent,Brent crude oil price,level_change_y_tph_minus_y_tm1
9,3.55043440593018,3.68934672128226,-2.51800092965246,9.61886974151282,128,SaudiArabia,Real_Brent,Brent crude oil price,level_change_y_tph_minus_y_tm1
10,0.923040731147234,4.26755874277246,-6.09646874513051,7.94255020742498,127,SaudiArabia,Real_Brent,Brent crude oil price,level_change_y_tph_minus_y_tm1
11,1.71780029541145,4.24193883506346,-5.25956818274899,8.69516877357189,126,SaudiArabia,Real_Brent,Brent crude oil price,level_change_y_tph_minus_y_tm1
12,1.51778913089414,4.5173771657674,-5.91263508452612,8.9482133463144,125,SaudiArabia,Real_Brent,Brent crude oil price,level_change_y_tph_minus_y_tm1
0,-3.1693052895562,1.44508680478246,-5.54626156166235,-0.792349017450054,137,SaudiArabia,Real_WTI,WTI crude oil price,level_change_y_tph_minus_y_tm1
1,-4.99948521113366,2.27294110072938,-8.73814062451546,-1.26082979775186,136,SaudiArabia,Real_WTI,WTI crude oil price,level_change_y_tph_minus_y_tm1
2,-2.28547566149617,2.53160183783686,-6.44959012645915,1.8786388034668,135,SaudiArabia,Real_WTI,WTI crude oil price,level_change_y_tph_minus_y_tm1
3,-0.702393223372049,2.01501317127618,-4.01679494650066,2.61200849975656,134,SaudiArabia,Real_WTI,WTI crude oil price,level_change_y_tph_minus_y_tm1
4,1.69718867435461,1.97305639378926,-1.54820029114945,4.94257763985867,133,SaudiArabia,Real_WTI,WTI crude oil price,level_change_y_tph_minus_y_tm1
5,3.0243278991278,2.16046062940538,-0.5293136030355,6.5779694012911,132,SaudiArabia,Real_WTI,WTI crude oil price,level_change_y_tph_minus_y_tm1
6,3.78369437469274,2.60585714191658,-0.50255919650615,8.06994794589163,131,SaudiArabia,Real_WTI,WTI crude oil price,level_change_y_tph_minus_y_tm1
7,4.39200377878428,2.64362552300436,0.0436267489690687,8.74038080859948,130,SaudiArabia,Real_WTI,WTI crude oil price,level_change_y_tph_minus_y_tm1
8,3.52302596740324,2.53722434068571,-0.650336691763205,7.69638862656969,129,SaudiArabia,Real_WTI,WTI crude oil price,level_change_y_tph_minus_y_tm1
9,4.0114080320528,3.49886485337375,-1.74371251223204,9.76652857633764,128,SaudiArabia,Real_WTI,WTI crude oil price,level_change_y_tph_minus_y_tm1
10,1.56181833571759,3.97436086400449,-4.97542354625418,8.09906021768936,127,SaudiArabia,Real_WTI,WTI crude oil price,level_change_y_tph_minus_y_tm1
11,1.81806358583602,3.80497863074158,-4.44056931541211,8.07669648708416,126,SaudiArabia,Real_WTI,WTI crude oil price,level_change_y_tph_minus_y_tm1
12,1.81581689702716,4.12911160337161,-4.97596729986604,8.60760109392035,125,SaudiArabia,Real_WTI,WTI crude oil price,level_change_y_tph_minus_y_tm1
0,-2.7419742952035,0.890022362629115,-4.20593080644192,-1.27801778396508,137,SaudiArabia,Real_Gasoline,Gasoline price,level_change_y_tph_minus_y_tm1
1,-3.39779285772877,1.22718972391964,-5.41634032607558,-1.37924538938197,136,SaudiArabia,Real_Gasoline,Gasoline price,level_change_y_tph_minus_y_tm1
2,-1.64391022240369,1.44343143730211,-4.01814365730583,0.730323212498458,135,SaudiArabia,Real_Gasoline,Gasoline price,level_change_y_tph_minus_y_tm1
3,-0.902712623495227,1.21161359810872,-2.89563964480808,1.09021439781763,134,SaudiArabia,Real_Gasoline,Gasoline price,level_change_y_tph_minus_y_tm1
4,-0.222106833411356,1.26994685854198,-2.31098352971976,1.86676986289705,133,SaudiArabia,Real_Gasoline,Gasoline price,level_change_y_tph_minus_y_tm1
5,0.419116619570207,1.14304467798859,-1.4610245647869,2.29925780392731,132,SaudiArabia,Real_Gasoline,Gasoline price,level_change_y_tph_minus_y_tm1
6,1.94758391716833,1.27516569725225,-0.149877004921144,4.0450448392578,131,SaudiArabia,Real_Gasoline,Gasoline price,level_change_y_tph_minus_y_tm1
7,2.11710248110621,1.45903219983849,-0.282791924637122,4.51699688684954,130,SaudiArabia,Real_Gasoline,Gasoline price,level_change_y_tph_minus_y_tm1
8,1.07930100966235,1.33549911727467,-1.11739955717738,3.27600157650208,129,SaudiArabia,Real_Gasoline,Gasoline price,level_change_y_tph_minus_y_tm1
9,1.67987318468842,1.64055781251859,-1.01860428345636,4.3783506528332,128,SaudiArabia,Real_Gasoline,Gasoline price,level_change_y_tph_minus_y_tm1
10,0.870634811032253,1.8902620643219,-2.2385696013564,3.9798392234209,127,SaudiArabia,Real_Gasoline,Gasoline price,level_change_y_tph_minus_y_tm1
11,0.849274389887294,1.85405331761483,-2.20037193415286,3.89892071392745,126,SaudiArabia,Real_Gasoline,Gasoline price,level_change_y_tph_minus_y_tm1
12,-0.318382362802133,1.75707591309405,-3.20851505128395,2.57175032567968,125,SaudiArabia,Real_Gasoline,Gasoline price,level_change_y_tph_minus_y_tm1
0,-0.049252165716897,0.171398072395909,-0.331176906749799,0.232672575316005,137,SaudiArabia,inv_OECD,OECD inventory,level_change_y_tph_minus_y_tm1
1,-0.0221915678670572,0.24850952650274,-0.430953363867081,0.386570228132967,136,SaudiArabia,inv_OECD,OECD inventory,level_change_y_tph_minus_y_tm1
2,0.0818684308019815,0.331049080388149,-0.462658849773415,0.626395711377378,135,SaudiArabia,inv_OECD,OECD inventory,level_change_y_tph_minus_y_tm1
3,-0.162467560051294,0.360684021151023,-0.755739980424996,0.430804860322408,134,SaudiArabia,inv_OECD,OECD inventory,level_change_y_tph_minus_y_tm1
4,-0.508178844971615,0.448836065950299,-1.24644847595659,0.230090786013365,133,SaudiArabia,inv_OECD,OECD inventory,level_change_y_tph_minus_y_tm1
5,-0.677491833623703,0.453179909400487,-1.42290645126263,0.0679227840152276,132,SaudiArabia,inv_OECD,OECD inventory,level_change_y_tph_minus_y_tm1
6,-0.388965176739126,0.442378346611823,-1.11661280464838,0.338682451170126,131,SaudiArabia,inv_OECD,OECD inventory,level_change_y_tph_minus_y_tm1
7,-0.330148111049823,0.401893506269089,-0.991204102484778,0.330907880385133,130,SaudiArabia,inv_OECD,OECD inventory,level_change_y_tph_minus_y_tm1
8,-0.203015742616065,0.380394380296695,-0.828708818719043,0.422677333486912,129,SaudiArabia,inv_OECD,OECD inventory,level_change_y_tph_minus_y_tm1
9,0.230520442903825,0.406593799640686,-0.438266843131138,0.899307728938787,128,SaudiArabia,inv_OECD,OECD inventory,level_change_y_tph_minus_y_tm1
10,0.435127068721183,0.373682765724706,-0.179526383810357,1.04978052125272,127,SaudiArabia,inv_OECD,OECD inventory,level_change_y_tph_minus_y_tm1
11,0.403038042058436,0.355111666451296,-0.181068670476761,0.987144754593632,126,SaudiArabia,inv_OECD,OECD inventory,level_change_y_tph_minus_y_tm1
12,0.47535936865709,0.304413257631462,-0.0253558822501321,0.976074619564313,125,SaudiArabia,inv_OECD,OECD inventory,level_change_y_tph_minus_y_tm1
0,-0.384672345408771,0.242918371646841,-0.784237510065224,0.0148928192476817,137,SaudiArabia,inv_USA,U.S. inventory,level_change_y_tph_minus_y_tm1
1,-0.152541393084348,0.359340127567701,-0.743603305223286,0.43852051905459,136,SaudiArabia,inv_USA,U.S. inventory,level_change_y_tph_minus_y_tm1
2,-0.281252127861816,0.468993288833968,-1.05267744001627,0.490173184292635,135,SaudiArabia,inv_USA,U.S. inventory,level_change_y_tph_minus_y_tm1
3,-0.44797151425972,0.576833102643664,-1.39677753528882,0.500834506769381,134,SaudiArabia,inv_USA,U.S. inventory,level_change_y_tph_minus_y_tm1
4,-0.70719303323569,0.647350453075241,-1.77198977388518,0.357603707413798,133,SaudiArabia,inv_USA,U.S. inventory,level_change_y_tph_minus_y_tm1
5,-1.12913574694209,0.644716069284508,-2.18959931185861,-0.0686721820255694,132,SaudiArabia,inv_USA,U.S. inventory,level_change_y_tph_minus_y_tm1
6,-0.536061404571466,0.764740216974743,-1.79394712413803,0.721824314995096,131,SaudiArabia,inv_USA,U.S. inventory,level_change_y_tph_minus_y_tm1
7,-0.479548199979039,0.613090052418485,-1.48799159634745,0.528895196389374,130,SaudiArabia,inv_USA,U.S. inventory,level_change_y_tph_minus_y_tm1
8,-0.297763998661354,0.525765761818545,-1.16257171891549,0.567043721592784,129,SaudiArabia,inv_USA,U.S. inventory,level_change_y_tph_minus_y_tm1
9,0.123797674108851,0.538975117011838,-0.762737501944664,1.01033285016237,128,SaudiArabia,inv_USA,U.S. inventory,level_change_y_tph_minus_y_tm1
10,0.70438389625612,0.594203134217222,-0.27299328420701,1.68176107671925,127,SaudiArabia,inv_USA,U.S. inventory,level_change_y_tph_minus_y_tm1
11,0.903903329720927,0.558208564026712,-0.0142680514137834,1.82207471085564,126,SaudiArabia,inv_USA,U.S. inventory,level_change_y_tph_minus_y_tm1
12,0.934406404479692,0.481315831384062,0.142712313518455,1.72610049544093,125,SaudiArabia,inv_USA,U.S. inventory,level_change_y_tph_minus_y_tm1
0,0.155419453421106,0.154751119964841,-0.0991234875278648,0.409962394370077,137,SaudiArabia,WorldCP,World crude-oil production,level_change_y_tph_minus_y_tm1
1,-0.0943897263962544,0.202198991340408,-0.426977470668454,0.238198017875946,136,SaudiArabia,WorldCP,World crude-oil production,level_change_y_tph_minus_y_tm1
2,-0.147707947995895,0.209705541363132,-0.492642868298865,0.197226972307075,135,SaudiArabia,WorldCP,World crude-oil production,level_change_y_tph_minus_y_tm1
3,0.00482577377911615,0.206602310212564,-0.335004785510573,0.344656333068805,134,SaudiArabia,WorldCP,World crude-oil production,level_change_y_tph_minus_y_tm1
4,0.321955825131097,0.177358700075302,0.0302267240408389,0.613684926221355,133,SaudiArabia,WorldCP,World crude-oil production,level_change_y_tph_minus_y_tm1
5,0.367571925468111,0.218185455157596,0.00868878820408231,0.72645506273214,132,SaudiArabia,WorldCP,World crude-oil production,level_change_y_tph_minus_y_tm1
6,0.416152111031067,0.272576218534564,-0.0321958706462285,0.864500092708362,131,SaudiArabia,WorldCP,World crude-oil production,level_change_y_tph_minus_y_tm1
7,0.547055346056692,0.177022371655491,0.255879455987605,0.838231236125778,130,SaudiArabia,WorldCP,World crude-oil production,level_change_y_tph_minus_y_tm1
8,0.675714111976403,0.145440199475082,0.436486272365268,0.914941951587537,129,SaudiArabia,WorldCP,World crude-oil production,level_change_y_tph_minus_y_tm1
9,0.761206853382516,0.190988384823299,0.447058915900308,1.07535479086472,128,SaudiArabia,WorldCP,World crude-oil production,level_change_y_tph_minus_y_tm1
10,0.467302330405686,0.20488551497273,0.130295647992971,0.804309012818401,127,SaudiArabia,WorldCP,World crude-oil production,level_change_y_tph_minus_y_tm1
11,0.378470471618682,0.197048122312295,0.0543551529493258,0.702585790288039,126,SaudiArabia,WorldCP,World crude-oil production,level_change_y_tph_minus_y_tm1
12,0.295004060425759,0.181581105353731,-0.00367027930118308,0.593678400152701,125,SaudiArabia,WorldCP,World crude-oil production,level_change_y_tph_minus_y_tm1
